genome	role	contig	contig_len	n_contigs	gene	gene_start	gene_end	gene_len	strand	mapped	mapped_pairs	mapped_as_query	mapped_as_reference	mapped_refs
AG-894-A06	reference	AG-894-A06_NODE_1	217999	23	AG-894-A06_00001	11	1417	1407	+	1	1	0	1	1
AG-894-A06	reference	AG-894-A06_NODE_1	217999	23	AG-894-A06_00002	1414	2157	744	+	1	1	0	1	1
AG-894-A06	reference	AG-894-A06_NODE_1	217999	23	AG-894-A06_00003	2149	2646	498	-	1	1	0	1	1
AG-894-A06	reference	AG-894-A06_NODE_1	217999	23	AG-894-A06_00005	2852	3721	870	+	1	1	0	1	1
AG-894-A06	reference	AG-894-A06_NODE_1	217999	23	AG-894-A06_00006	3727	5265	1539	-	1	1	0	1	1
AG-894-A06	reference	AG-894-A06_NODE_1	217999	23	AG-894-A06_00007	5267	6697	1431	-	1	1	0	1	1
AG-894-A06	reference	AG-894-A06_NODE_1	217999	23	AG-894-A06_00008	6694	6990	297	-	1	1	0	1	1
AG-894-A06	reference	AG-894-A06_NODE_1	217999	23	AG-894-A06_00009	7172	8422	1251	-	1	1	0	1	1
AG-894-A06	reference	AG-894-A06_NODE_1	217999	23	AG-894-A06_00010	8434	8667	234	-	1	1	0	1	1
AG-894-A06	reference	AG-894-A06_NODE_1	217999	23	AG-894-A06_00011	8801	9364	564	+	1	1	0	1	1
AG-894-A06	reference	AG-894-A06_NODE_1	217999	23	AG-894-A06_00012	9361	9825	465	+	1	1	0	1	1
AG-894-A06	reference	AG-894-A06_NODE_1	217999	23	AG-894-A06_00013	9830	10732	903	+	1	1	0	1	1
AG-894-A06	reference	AG-894-A06_NODE_1	217999	23	AG-894-A06_00014	10733	12547	1815	+	1	1	0	1	1
AG-894-A06	reference	AG-894-A06_NODE_1	217999	23	AG-894-A06_00015	12681	13283	603	-	1	1	0	1	1
AG-894-A06	reference	AG-894-A06_NODE_1	217999	23	AG-894-A06_00016	13334	17284	3951	+	1	1	0	1	1
AG-894-A06	reference	AG-894-A06_NODE_1	217999	23	AG-894-A06_00017	17259	18752	1494	-	1	1	0	1	1
AG-894-A06	reference	AG-894-A06_NODE_1	217999	23	AG-894-A06_00018	18872	19384	513	+	1	1	0	1	1
AG-894-A06	reference	AG-894-A06_NODE_1	217999	23	AG-894-A06_00019	19386	21068	1683	-	1	1	0	1	1
AG-894-A06	reference	AG-894-A06_NODE_1	217999	23	AG-894-A06_00020	21141	25460	4320	+	1	1	0	1	1
AG-894-A06	reference	AG-894-A06_NODE_1	217999	23	AG-894-A06_00021	25536	25853	318	+	1	1	0	1	1
AG-894-A06	reference	AG-894-A06_NODE_1	217999	23	AG-894-A06_00023	26160	26567	408	+	1	1	0	1	1
AG-894-A06	reference	AG-894-A06_NODE_1	217999	23	AG-894-A06_00025	27305	28546	1242	+	1	1	0	1	1
AG-894-A06	reference	AG-894-A06_NODE_1	217999	23	AG-894-A06_00026	28622	29671	1050	-	1	1	0	1	1
AG-894-A06	reference	AG-894-A06_NODE_1	217999	23	AG-894-A06_00027	29764	30408	645	-	1	1	0	1	1
AG-894-A06	reference	AG-894-A06_NODE_1	217999	23	AG-894-A06_00028	30431	31072	642	-	1	1	0	1	1
AG-894-A06	reference	AG-894-A06_NODE_1	217999	23	AG-894-A06_00029	31074	32537	1464	-	1	1	0	1	1
AG-894-A06	reference	AG-894-A06_NODE_1	217999	23	AG-894-A06_00030	32534	33139	606	-	1	1	0	1	1
AG-894-A06	reference	AG-894-A06_NODE_1	217999	23	AG-894-A06_00032	33408	34139	732	+	1	1	0	1	1
AG-894-A06	reference	AG-894-A06_NODE_1	217999	23	AG-894-A06_00033	34126	35397	1272	+	1	1	0	1	1
AG-894-A06	reference	AG-894-A06_NODE_1	217999	23	AG-894-A06_00034	35409	36800	1392	+	1	1	0	1	1
AG-894-A06	reference	AG-894-A06_NODE_1	217999	23	AG-894-A06_00035	36802	37329	528	+	1	1	0	1	1
AG-894-A06	reference	AG-894-A06_NODE_1	217999	23	AG-894-A06_00036	37326	37511	186	+	1	1	0	1	1
AG-894-A06	reference	AG-894-A06_NODE_1	217999	23	AG-894-A06_00037	37512	38762	1251	+	1	1	0	1	1
AG-894-A06	reference	AG-894-A06_NODE_1	217999	23	AG-894-A06_00038	38806	40593	1788	+	1	1	0	1	1
AG-894-A06	reference	AG-894-A06_NODE_1	217999	23	AG-894-A06_00039	40590	41486	897	-	1	1	0	1	1
AG-894-A06	reference	AG-894-A06_NODE_1	217999	23	AG-894-A06_00040	41493	42803	1311	-	1	1	0	1	1
AG-894-A06	reference	AG-894-A06_NODE_1	217999	23	AG-894-A06_00041	42869	44422	1554	+	1	1	0	1	1
AG-894-A06	reference	AG-894-A06_NODE_1	217999	23	AG-894-A06_00042	44415	45512	1098	-	1	1	0	1	1
AG-894-A06	reference	AG-894-A06_NODE_1	217999	23	AG-894-A06_00043	45509	46279	771	-	1	1	0	1	1
AG-894-A06	reference	AG-894-A06_NODE_1	217999	23	AG-894-A06_00044	46387	48513	2127	+	1	1	0	1	1
AG-894-A06	reference	AG-894-A06_NODE_1	217999	23	AG-894-A06_00045	48510	49763	1254	-	1	1	0	1	1
AG-894-A06	reference	AG-894-A06_NODE_1	217999	23	AG-894-A06_00046	49756	51609	1854	-	1	1	0	1	1
AG-894-A06	reference	AG-894-A06_NODE_1	217999	23	AG-894-A06_00047	51609	52109	501	-	1	1	0	1	1
AG-894-A06	reference	AG-894-A06_NODE_1	217999	23	AG-894-A06_00048	52102	52893	792	-	1	1	0	1	1
AG-894-A06	reference	AG-894-A06_NODE_1	217999	23	AG-894-A06_00049	52902	53921	1020	-	1	1	0	1	1
AG-894-A06	reference	AG-894-A06_NODE_1	217999	23	AG-894-A06_00050	53956	55443	1488	-	1	1	0	1	1
AG-894-A06	reference	AG-894-A06_NODE_1	217999	23	AG-894-A06_00051	55507	57141	1635	-	1	1	0	1	1
AG-894-A06	reference	AG-894-A06_NODE_1	217999	23	AG-894-A06_00052	57157	57435	279	-	1	1	0	1	1
AG-894-A06	reference	AG-894-A06_NODE_1	217999	23	AG-894-A06_00053	57521	57862	342	-	1	1	0	1	1
AG-894-A06	reference	AG-894-A06_NODE_1	217999	23	AG-894-A06_00054	57865	58464	600	-	1	1	0	1	1
AG-894-A06	reference	AG-894-A06_NODE_1	217999	23	AG-894-A06_00055	58458	58982	525	-	1	1	0	1	1
AG-894-A06	reference	AG-894-A06_NODE_1	217999	23	AG-894-A06_00056	58966	60228	1263	-	1	1	0	1	1
AG-894-A06	reference	AG-894-A06_NODE_1	217999	23	AG-894-A06_00057	60228	61565	1338	-	1	1	0	1	1
AG-894-A06	reference	AG-894-A06_NODE_1	217999	23	AG-894-A06_00058	61673	61858	186	-	1	1	0	1	1
AG-894-A06	reference	AG-894-A06_NODE_1	217999	23	AG-894-A06_00059	61978	63342	1365	-	1	1	0	1	1
AG-894-A06	reference	AG-894-A06_NODE_1	217999	23	AG-894-A06_00060	63464	65914	2451	+	1	1	0	1	1
AG-894-A06	reference	AG-894-A06_NODE_1	217999	23	AG-894-A06_00061	65911	67026	1116	+	1	1	0	1	1
AG-894-A06	reference	AG-894-A06_NODE_1	217999	23	AG-894-A06_00062	67023	67946	924	-	1	1	0	1	1
AG-894-A06	reference	AG-894-A06_NODE_1	217999	23	AG-894-A06_00063	68047	69972	1926	+	1	1	0	1	1
AG-894-A06	reference	AG-894-A06_NODE_1	217999	23	AG-894-A06_00064	69983	71584	1602	+	1	1	0	1	1
AG-894-A06	reference	AG-894-A06_NODE_1	217999	23	AG-894-A06_00065	71723	74932	3210	+	1	1	0	1	1
AG-894-A06	reference	AG-894-A06_NODE_1	217999	23	AG-894-A06_00066	74937	76358	1422	+	1	1	0	1	1
AG-894-A06	reference	AG-894-A06_NODE_1	217999	23	AG-894-A06_00067	76424	78031	1608	+	1	1	0	1	1
AG-894-A06	reference	AG-894-A06_NODE_1	217999	23	AG-894-A06_00068	78039	79151	1113	+	1	1	0	1	1
AG-894-A06	reference	AG-894-A06_NODE_1	217999	23	AG-894-A06_00069	79181	79963	783	+	1	1	0	1	1
AG-894-A06	reference	AG-894-A06_NODE_1	217999	23	AG-894-A06_00070	79960	81057	1098	-	1	1	0	1	1
AG-894-A06	reference	AG-894-A06_NODE_1	217999	23	AG-894-A06_00072	81314	82201	888	+	1	1	0	1	1
AG-894-A06	reference	AG-894-A06_NODE_1	217999	23	AG-894-A06_00073	82202	83503	1302	+	1	1	0	1	1
AG-894-A06	reference	AG-894-A06_NODE_1	217999	23	AG-894-A06_00074	83504	83833	330	-	1	1	0	1	1
AG-894-A06	reference	AG-894-A06_NODE_1	217999	23	AG-894-A06_00075	83837	84814	978	-	1	1	0	1	1
AG-894-A06	reference	AG-894-A06_NODE_1	217999	23	AG-894-A06_00076	84877	87459	2583	+	1	1	0	1	1
AG-894-A06	reference	AG-894-A06_NODE_1	217999	23	AG-894-A06_00077	87446	87967	522	-	1	1	0	1	1
AG-894-A06	reference	AG-894-A06_NODE_1	217999	23	AG-894-A06_00078	87988	88515	528	+	1	1	0	1	1
AG-894-A06	reference	AG-894-A06_NODE_1	217999	23	AG-894-A06_00079	88495	90177	1683	-	1	1	0	1	1
AG-894-A06	reference	AG-894-A06_NODE_1	217999	23	AG-894-A06_00080	90249	90959	711	+	1	1	0	1	1
AG-894-A06	reference	AG-894-A06_NODE_1	217999	23	AG-894-A06_00081	90940	93372	2433	-	1	1	0	1	1
AG-894-A06	reference	AG-894-A06_NODE_1	217999	23	AG-894-A06_00082	93369	93974	606	-	1	1	0	1	1
AG-894-A06	reference	AG-894-A06_NODE_1	217999	23	AG-894-A06_00083	94031	96151	2121	+	1	1	0	1	1
AG-894-A06	reference	AG-894-A06_NODE_1	217999	23	AG-894-A06_00084	96158	97213	1056	+	1	1	0	1	1
AG-894-A06	reference	AG-894-A06_NODE_1	217999	23	AG-894-A06_00085	97259	97954	696	+	1	1	0	1	1
AG-894-A06	reference	AG-894-A06_NODE_1	217999	23	AG-894-A06_00086	97966	99291	1326	+	1	1	0	1	1
AG-894-A06	reference	AG-894-A06_NODE_1	217999	23	AG-894-A06_00087	99296	100498	1203	+	1	1	0	1	1
AG-894-A06	reference	AG-894-A06_NODE_1	217999	23	AG-894-A06_00088	100488	101192	705	+	1	1	0	1	1
AG-894-A06	reference	AG-894-A06_NODE_1	217999	23	AG-894-A06_00089	101234	102073	840	-	1	1	0	1	1
AG-894-A06	reference	AG-894-A06_NODE_1	217999	23	AG-894-A06_00090	102063	102953	891	-	1	1	0	1	1
AG-894-A06	reference	AG-894-A06_NODE_1	217999	23	AG-894-A06_00092	103099	104490	1392	-	1	1	0	1	1
AG-894-A06	reference	AG-894-A06_NODE_1	217999	23	AG-894-A06_00093	104608	105357	750	+	1	1	0	1	1
AG-894-A06	reference	AG-894-A06_NODE_1	217999	23	AG-894-A06_00094	105481	106173	693	+	1	1	0	1	1
AG-894-A06	reference	AG-894-A06_NODE_1	217999	23	AG-894-A06_00095	106251	106946	696	+	1	1	0	1	1
AG-894-A06	reference	AG-894-A06_NODE_1	217999	23	AG-894-A06_00096	107026	108513	1488	+	1	1	0	1	1
AG-894-A06	reference	AG-894-A06_NODE_1	217999	23	AG-894-A06_00097	108506	110053	1548	+	1	1	0	1	1
AG-894-A06	reference	AG-894-A06_NODE_1	217999	23	AG-894-A06_00098	110050	110787	738	+	1	1	0	1	1
AG-894-A06	reference	AG-894-A06_NODE_1	217999	23	AG-894-A06_00099	110788	111543	756	+	1	1	0	1	1
AG-894-A06	reference	AG-894-A06_NODE_1	217999	23	AG-894-A06_00100	111546	112298	753	+	1	1	0	1	1
AG-894-A06	reference	AG-894-A06_NODE_1	217999	23	AG-894-A06_00101	112301	113215	915	-	1	1	0	1	1
AG-894-A06	reference	AG-894-A06_NODE_1	217999	23	AG-894-A06_00102	113281	113958	678	+	1	1	0	1	1
AG-894-A06	reference	AG-894-A06_NODE_1	217999	23	AG-894-A06_00103	113961	114263	303	+	1	1	0	1	1
AG-894-A06	reference	AG-894-A06_NODE_1	217999	23	AG-894-A06_00104	114256	114444	189	-	1	1	0	1	1
AG-894-A06	reference	AG-894-A06_NODE_1	217999	23	AG-894-A06_00105	114485	115741	1257	+	1	1	0	1	1
AG-894-A06	reference	AG-894-A06_NODE_1	217999	23	AG-894-A06_00106	115748	116704	957	+	1	1	0	1	1
AG-894-A06	reference	AG-894-A06_NODE_1	217999	23	AG-894-A06_00107	116705	117478	774	-	1	1	0	1	1
AG-894-A06	reference	AG-894-A06_NODE_1	217999	23	AG-894-A06_00108	117480	118274	795	-	1	1	0	1	1
AG-894-A06	reference	AG-894-A06_NODE_1	217999	23	AG-894-A06_00109	118318	119343	1026	+	1	1	0	1	1
AG-894-A06	reference	AG-894-A06_NODE_1	217999	23	AG-894-A06_00110	119340	120272	933	-	1	1	0	1	1
AG-894-A06	reference	AG-894-A06_NODE_1	217999	23	AG-894-A06_00111	120274	121488	1215	-	1	1	0	1	1
AG-894-A06	reference	AG-894-A06_NODE_1	217999	23	AG-894-A06_00112	121651	122187	537	+	1	1	0	1	1
AG-894-A06	reference	AG-894-A06_NODE_1	217999	23	AG-894-A06_00113	122180	122743	564	+	1	1	0	1	1
AG-894-A06	reference	AG-894-A06_NODE_1	217999	23	AG-894-A06_00114	122740	124122	1383	-	1	1	0	1	1
AG-894-A06	reference	AG-894-A06_NODE_1	217999	23	AG-894-A06_00116	124246	125856	1611	-	1	1	0	1	1
AG-894-A06	reference	AG-894-A06_NODE_1	217999	23	AG-894-A06_00117	125853	126905	1053	-	1	1	0	1	1
AG-894-A06	reference	AG-894-A06_NODE_1	217999	23	AG-894-A06_00118	126928	128166	1239	-	1	1	0	1	1
AG-894-A06	reference	AG-894-A06_NODE_1	217999	23	AG-894-A06_00119	128223	129338	1116	+	1	1	0	1	1
AG-894-A06	reference	AG-894-A06_NODE_1	217999	23	AG-894-A06_00120	129372	130244	873	-	1	1	0	1	1
AG-894-A06	reference	AG-894-A06_NODE_1	217999	23	AG-894-A06_00121	130246	130737	492	-	1	1	0	1	1
AG-894-A06	reference	AG-894-A06_NODE_1	217999	23	AG-894-A06_00122	130741	131565	825	-	1	1	0	1	1
AG-894-A06	reference	AG-894-A06_NODE_1	217999	23	AG-894-A06_00123	131562	132179	618	-	1	1	0	1	1
AG-894-A06	reference	AG-894-A06_NODE_1	217999	23	AG-894-A06_00124	132283	133260	978	+	1	1	0	1	1
AG-894-A06	reference	AG-894-A06_NODE_1	217999	23	AG-894-A06_00125	133257	135380	2124	-	1	1	0	1	1
AG-894-A06	reference	AG-894-A06_NODE_1	217999	23	AG-894-A06_00126	135448	136050	603	-	1	1	0	1	1
AG-894-A06	reference	AG-894-A06_NODE_1	217999	23	AG-894-A06_00127	136235	137488	1254	+	1	1	0	1	1
AG-894-A06	reference	AG-894-A06_NODE_1	217999	23	AG-894-A06_00128	137485	138756	1272	+	1	1	0	1	1
AG-894-A06	reference	AG-894-A06_NODE_1	217999	23	AG-894-A06_00129	138760	139725	966	+	1	1	0	1	1
AG-894-A06	reference	AG-894-A06_NODE_1	217999	23	AG-894-A06_00130	139725	140153	429	+	1	1	0	1	1
AG-894-A06	reference	AG-894-A06_NODE_1	217999	23	AG-894-A06_00131	140323	141135	813	+	1	1	0	1	1
AG-894-A06	reference	AG-894-A06_NODE_1	217999	23	AG-894-A06_00132	141132	141980	849	+	1	1	0	1	1
AG-894-A06	reference	AG-894-A06_NODE_1	217999	23	AG-894-A06_00138	147336	148685	1350	+	1	1	0	1	1
AG-894-A06	reference	AG-894-A06_NODE_1	217999	23	AG-894-A06_00139	148685	149842	1158	+	1	1	0	1	1
AG-894-A06	reference	AG-894-A06_NODE_1	217999	23	AG-894-A06_00141	150551	151198	648	+	1	1	0	1	1
AG-894-A06	reference	AG-894-A06_NODE_1	217999	23	AG-894-A06_00142	151199	151816	618	+	1	1	0	1	1
AG-894-A06	reference	AG-894-A06_NODE_1	217999	23	AG-894-A06_00143	151821	153116	1296	+	1	1	0	1	1
AG-894-A06	reference	AG-894-A06_NODE_1	217999	23	AG-894-A06_00144	153116	154114	999	+	1	1	0	1	1
AG-894-A06	reference	AG-894-A06_NODE_1	217999	23	AG-894-A06_00145	154100	154864	765	-	1	1	0	1	1
AG-894-A06	reference	AG-894-A06_NODE_1	217999	23	AG-894-A06_00146	154864	155673	810	-	1	1	0	1	1
AG-894-A06	reference	AG-894-A06_NODE_1	217999	23	AG-894-A06_00147	155670	156173	504	-	1	1	0	1	1
AG-894-A06	reference	AG-894-A06_NODE_1	217999	23	AG-894-A06_00148	156170	157714	1545	-	1	1	0	1	1
AG-894-A06	reference	AG-894-A06_NODE_1	217999	23	AG-894-A06_00149	157764	158711	948	+	1	1	0	1	1
AG-894-A06	reference	AG-894-A06_NODE_1	217999	23	AG-894-A06_00150	158686	159138	453	+	1	1	0	1	1
AG-894-A06	reference	AG-894-A06_NODE_1	217999	23	AG-894-A06_00151	159139	160137	999	-	1	1	0	1	1
AG-894-A06	reference	AG-894-A06_NODE_1	217999	23	AG-894-A06_00152	160141	161331	1191	-	1	1	0	1	1
AG-894-A06	reference	AG-894-A06_NODE_1	217999	23	AG-894-A06_00153	161405	164032	2628	+	1	1	0	1	1
AG-894-A06	reference	AG-894-A06_NODE_1	217999	23	AG-894-A06_00154	164033	164680	648	-	1	1	0	1	1
AG-894-A06	reference	AG-894-A06_NODE_1	217999	23	AG-894-A06_00155	164680	165330	651	-	1	1	0	1	1
AG-894-A06	reference	AG-894-A06_NODE_1	217999	23	AG-894-A06_00156	165323	165904	582	-	1	1	0	1	1
AG-894-A06	reference	AG-894-A06_NODE_1	217999	23	AG-894-A06_00157	165913	167847	1935	-	1	1	0	1	1
AG-894-A06	reference	AG-894-A06_NODE_1	217999	23	AG-894-A06_00158	167851	168222	372	-	1	1	0	1	1
AG-894-A06	reference	AG-894-A06_NODE_1	217999	23	AG-894-A06_00159	168261	168992	732	+	1	1	0	1	1
AG-894-A06	reference	AG-894-A06_NODE_1	217999	23	AG-894-A06_00160	168989	169627	639	-	1	1	0	1	1
AG-894-A06	reference	AG-894-A06_NODE_1	217999	23	AG-894-A06_00161	169636	170256	621	+	1	1	0	1	1
AG-894-A06	reference	AG-894-A06_NODE_1	217999	23	AG-894-A06_00162	170227	170679	453	-	1	1	0	1	1
AG-894-A06	reference	AG-894-A06_NODE_1	217999	23	AG-894-A06_00163	170699	171667	969	-	1	1	0	1	1
AG-894-A06	reference	AG-894-A06_NODE_1	217999	23	AG-894-A06_00164	171739	172290	552	+	1	1	0	1	1
AG-894-A06	reference	AG-894-A06_NODE_1	217999	23	AG-894-A06_00165	172277	173308	1032	+	1	1	0	1	1
AG-894-A06	reference	AG-894-A06_NODE_1	217999	23	AG-894-A06_00166	173323	174078	756	+	1	1	0	1	1
AG-894-A06	reference	AG-894-A06_NODE_1	217999	23	AG-894-A06_00167	174144	174869	726	+	1	1	0	1	1
AG-894-A06	reference	AG-894-A06_NODE_1	217999	23	AG-894-A06_00168	174866	175642	777	+	1	1	0	1	1
AG-894-A06	reference	AG-894-A06_NODE_1	217999	23	AG-894-A06_00169	175639	175932	294	+	1	1	0	1	1
AG-894-A06	reference	AG-894-A06_NODE_1	217999	23	AG-894-A06_00170	175924	176562	639	-	1	1	0	1	1
AG-894-A06	reference	AG-894-A06_NODE_1	217999	23	AG-894-A06_00171	176563	177180	618	-	1	1	0	1	1
AG-894-A06	reference	AG-894-A06_NODE_1	217999	23	AG-894-A06_00173	177730	178671	942	-	1	1	0	1	1
AG-894-A06	reference	AG-894-A06_NODE_1	217999	23	AG-894-A06_00174	178662	179216	555	-	1	1	0	1	1
AG-894-A06	reference	AG-894-A06_NODE_1	217999	23	AG-894-A06_00175	179316	179807	492	+	1	1	0	1	1
AG-894-A06	reference	AG-894-A06_NODE_1	217999	23	AG-894-A06_00176	179814	180311	498	+	1	1	0	1	1
AG-894-A06	reference	AG-894-A06_NODE_1	217999	23	AG-894-A06_00177	180352	180843	492	+	1	1	0	1	1
AG-894-A06	reference	AG-894-A06_NODE_1	217999	23	AG-894-A06_00178	180904	181146	243	+	1	1	0	1	1
AG-894-A06	reference	AG-894-A06_NODE_1	217999	23	AG-894-A06_00179	181148	182815	1668	+	1	1	0	1	1
AG-894-A06	reference	AG-894-A06_NODE_1	217999	23	AG-894-A06_00180	182818	184710	1893	+	1	1	0	1	1
AG-894-A06	reference	AG-894-A06_NODE_1	217999	23	AG-894-A06_00181	184700	185980	1281	-	1	1	0	1	1
AG-894-A06	reference	AG-894-A06_NODE_1	217999	23	AG-894-A06_00182	186057	187058	1002	+	1	1	0	1	1
AG-894-A06	reference	AG-894-A06_NODE_1	217999	23	AG-894-A06_00183	187060	188337	1278	+	1	1	0	1	1
AG-894-A06	reference	AG-894-A06_NODE_1	217999	23	AG-894-A06_00184	188337	189008	672	+	1	1	0	1	1
AG-894-A06	reference	AG-894-A06_NODE_1	217999	23	AG-894-A06_00185	189011	189769	759	-	1	1	0	1	1
AG-894-A06	reference	AG-894-A06_NODE_1	217999	23	AG-894-A06_00186	189769	190506	738	-	1	1	0	1	1
AG-894-A06	reference	AG-894-A06_NODE_1	217999	23	AG-894-A06_00187	190512	191582	1071	-	1	1	0	1	1
AG-894-A06	reference	AG-894-A06_NODE_1	217999	23	AG-894-A06_00188	191601	194429	2829	-	1	1	0	1	1
AG-894-A06	reference	AG-894-A06_NODE_1	217999	23	AG-894-A06_00189	194487	194834	348	+	1	1	0	1	1
AG-894-A06	reference	AG-894-A06_NODE_1	217999	23	AG-894-A06_00190	194831	195322	492	-	1	1	0	1	1
AG-894-A06	reference	AG-894-A06_NODE_1	217999	23	AG-894-A06_00191	195319	196470	1152	-	1	1	0	1	1
AG-894-A06	reference	AG-894-A06_NODE_1	217999	23	AG-894-A06_00192	196538	197113	576	+	1	1	0	1	1
AG-894-A06	reference	AG-894-A06_NODE_1	217999	23	AG-894-A06_00193	197118	198125	1008	+	1	1	0	1	1
AG-894-A06	reference	AG-894-A06_NODE_1	217999	23	AG-894-A06_00194	198128	198454	327	+	1	1	0	1	1
AG-894-A06	reference	AG-894-A06_NODE_1	217999	23	AG-894-A06_00195	198454	199680	1227	+	1	1	0	1	1
AG-894-A06	reference	AG-894-A06_NODE_1	217999	23	AG-894-A06_00196	199739	200788	1050	+	1	1	0	1	1
AG-894-A06	reference	AG-894-A06_NODE_1	217999	23	AG-894-A06_00197	200798	201772	975	+	1	1	0	1	1
AG-894-A06	reference	AG-894-A06_NODE_1	217999	23	AG-894-A06_00198	201801	203732	1932	+	1	1	0	1	1
AG-894-A06	reference	AG-894-A06_NODE_1	217999	23	AG-894-A06_00199	203716	204360	645	-	1	1	0	1	1
AG-894-A06	reference	AG-894-A06_NODE_1	217999	23	AG-894-A06_00200	204365	205147	783	-	1	1	0	1	1
AG-894-A06	reference	AG-894-A06_NODE_1	217999	23	AG-894-A06_00201	205199	205525	327	+	1	1	0	1	1
AG-894-A06	reference	AG-894-A06_NODE_1	217999	23	AG-894-A06_00202	205522	206124	603	-	1	1	0	1	1
AG-894-A06	reference	AG-894-A06_NODE_1	217999	23	AG-894-A06_00203	206136	206903	768	-	1	1	0	1	1
AG-894-A06	reference	AG-894-A06_NODE_1	217999	23	AG-894-A06_00204	207074	207541	468	+	1	1	0	1	1
AG-894-A06	reference	AG-894-A06_NODE_1	217999	23	AG-894-A06_00205	207528	208424	897	+	1	1	0	1	1
AG-894-A06	reference	AG-894-A06_NODE_1	217999	23	AG-894-A06_00206	208421	208729	309	+	1	1	0	1	1
AG-894-A06	reference	AG-894-A06_NODE_1	217999	23	AG-894-A06_00207	208731	210518	1788	+	1	1	0	1	1
AG-894-A06	reference	AG-894-A06_NODE_1	217999	23	AG-894-A06_00208	210515	211975	1461	+	1	1	0	1	1
AG-894-A06	reference	AG-894-A06_NODE_1	217999	23	AG-894-A06_00209	211978	213192	1215	+	1	1	0	1	1
AG-894-A06	reference	AG-894-A06_NODE_1	217999	23	AG-894-A06_00210	213193	214521	1329	+	1	1	0	1	1
AG-894-A06	reference	AG-894-A06_NODE_1	217999	23	AG-894-A06_00211	214522	215664	1143	+	1	1	0	1	1
AG-894-A06	reference	AG-894-A06_NODE_1	217999	23	AG-894-A06_00212	215657	216748	1092	+	1	1	0	1	1
AG-894-A06	reference	AG-894-A06_NODE_10	39389	23	AG-894-A06_01049	392	1003	612	+	1	1	0	1	1
AG-894-A06	reference	AG-894-A06_NODE_10	39389	23	AG-894-A06_01050	1005	3290	2286	+	1	1	0	1	1
AG-894-A06	reference	AG-894-A06_NODE_10	39389	23	AG-894-A06_01051	3287	3796	510	-	1	1	0	1	1
AG-894-A06	reference	AG-894-A06_NODE_10	39389	23	AG-894-A06_01052	3881	4732	852	+	1	1	0	1	1
AG-894-A06	reference	AG-894-A06_NODE_10	39389	23	AG-894-A06_01053	4878	5765	888	-	1	1	0	1	1
AG-894-A06	reference	AG-894-A06_NODE_10	39389	23	AG-894-A06_01054	5758	6957	1200	-	1	1	0	1	1
AG-894-A06	reference	AG-894-A06_NODE_10	39389	23	AG-894-A06_01055	6959	7450	492	-	1	1	0	1	1
AG-894-A06	reference	AG-894-A06_NODE_10	39389	23	AG-894-A06_01056	7483	7956	474	-	1	1	0	1	1
AG-894-A06	reference	AG-894-A06_NODE_10	39389	23	AG-894-A06_01057	8004	8192	189	-	1	1	0	1	1
AG-894-A06	reference	AG-894-A06_NODE_10	39389	23	AG-894-A06_01058	8213	8527	315	-	1	1	0	1	1
AG-894-A06	reference	AG-894-A06_NODE_10	39389	23	AG-894-A06_01059	8598	8933	336	+	1	1	0	1	1
AG-894-A06	reference	AG-894-A06_NODE_10	39389	23	AG-894-A06_01060	8956	9996	1041	+	1	1	0	1	1
AG-894-A06	reference	AG-894-A06_NODE_10	39389	23	AG-894-A06_01061	9999	11030	1032	+	1	1	0	1	1
AG-894-A06	reference	AG-894-A06_NODE_10	39389	23	AG-894-A06_01062	11031	11480	450	-	1	1	0	1	1
AG-894-A06	reference	AG-894-A06_NODE_10	39389	23	AG-894-A06_01063	11541	12974	1434	+	1	1	0	1	1
AG-894-A06	reference	AG-894-A06_NODE_10	39389	23	AG-894-A06_01064	12971	14320	1350	-	1	1	0	1	1
AG-894-A06	reference	AG-894-A06_NODE_10	39389	23	AG-894-A06_01066	14709	15518	810	+	1	1	0	1	1
AG-894-A06	reference	AG-894-A06_NODE_10	39389	23	AG-894-A06_01067	15515	16138	624	-	1	1	0	1	1
AG-894-A06	reference	AG-894-A06_NODE_10	39389	23	AG-894-A06_01068	16205	17980	1776	+	1	1	0	1	1
AG-894-A06	reference	AG-894-A06_NODE_10	39389	23	AG-894-A06_01069	17977	19296	1320	-	1	1	0	1	1
AG-894-A06	reference	AG-894-A06_NODE_10	39389	23	AG-894-A06_01070	19358	20314	957	+	1	1	0	1	1
AG-894-A06	reference	AG-894-A06_NODE_10	39389	23	AG-894-A06_01071	20295	22298	2004	+	1	1	0	1	1
AG-894-A06	reference	AG-894-A06_NODE_10	39389	23	AG-894-A06_01072	22295	23209	915	+	1	1	0	1	1
AG-894-A06	reference	AG-894-A06_NODE_10	39389	23	AG-894-A06_01073	23213	24280	1068	-	1	1	0	1	1
AG-894-A06	reference	AG-894-A06_NODE_10	39389	23	AG-894-A06_01074	24284	24745	462	-	1	1	0	1	1
AG-894-A06	reference	AG-894-A06_NODE_10	39389	23	AG-894-A06_01075	24855	27989	3135	+	1	1	0	1	1
AG-894-A06	reference	AG-894-A06_NODE_10	39389	23	AG-894-A06_01076	28064	29338	1275	+	1	1	0	1	1
AG-894-A06	reference	AG-894-A06_NODE_10	39389	23	AG-894-A06_01077	29325	30344	1020	+	1	1	0	1	1
AG-894-A06	reference	AG-894-A06_NODE_10	39389	23	AG-894-A06_01078	30341	31285	945	-	1	1	0	1	1
AG-894-A06	reference	AG-894-A06_NODE_10	39389	23	AG-894-A06_01079	31393	31923	531	+	1	1	0	1	1
AG-894-A06	reference	AG-894-A06_NODE_10	39389	23	AG-894-A06_01080	31925	32275	351	+	1	1	0	1	1
AG-894-A06	reference	AG-894-A06_NODE_10	39389	23	AG-894-A06_01081	32275	32706	432	+	1	1	0	1	1
AG-894-A06	reference	AG-894-A06_NODE_10	39389	23	AG-894-A06_01082	32696	34105	1410	+	1	1	0	1	1
AG-894-A06	reference	AG-894-A06_NODE_10	39389	23	AG-894-A06_01083	34102	35370	1269	+	1	1	0	1	1
AG-894-A06	reference	AG-894-A06_NODE_10	39389	23	AG-894-A06_01084	35367	36359	993	+	1	1	0	1	1
AG-894-A06	reference	AG-894-A06_NODE_10	39389	23	AG-894-A06_01085	36362	38164	1803	+	1	1	0	1	1
AG-894-A06	reference	AG-894-A06_NODE_10	39389	23	AG-894-A06_01086	38174	39355	1182	+	1	1	0	1	1
AG-894-A06	reference	AG-894-A06_NODE_11	32978	23	AG-894-A06_01087	119	301	183	+	1	1	0	1	1
AG-894-A06	reference	AG-894-A06_NODE_11	32978	23	AG-894-A06_01088	298	540	243	-	1	1	0	1	1
AG-894-A06	reference	AG-894-A06_NODE_11	32978	23	AG-894-A06_01089	546	2282	1737	-	1	1	0	1	1
AG-894-A06	reference	AG-894-A06_NODE_11	32978	23	AG-894-A06_01090	2304	5720	3417	-	1	1	0	1	1
AG-894-A06	reference	AG-894-A06_NODE_11	32978	23	AG-894-A06_01091	5722	6885	1164	-	1	1	0	1	1
AG-894-A06	reference	AG-894-A06_NODE_11	32978	23	AG-894-A06_01092	6888	8237	1350	-	1	1	0	1	1
AG-894-A06	reference	AG-894-A06_NODE_11	32978	23	AG-894-A06_01093	8210	8818	609	-	1	1	0	1	1
AG-894-A06	reference	AG-894-A06_NODE_11	32978	23	AG-894-A06_01094	8909	9892	984	+	1	1	0	1	1
AG-894-A06	reference	AG-894-A06_NODE_11	32978	23	AG-894-A06_01095	9875	11011	1137	-	1	1	0	1	1
AG-894-A06	reference	AG-894-A06_NODE_11	32978	23	AG-894-A06_01096	11060	11875	816	+	1	1	0	1	1
AG-894-A06	reference	AG-894-A06_NODE_11	32978	23	AG-894-A06_01097	11872	12924	1053	-	1	1	0	1	1
AG-894-A06	reference	AG-894-A06_NODE_11	32978	23	AG-894-A06_01098	13057	14502	1446	+	1	1	0	1	1
AG-894-A06	reference	AG-894-A06_NODE_11	32978	23	AG-894-A06_01099	14512	15258	747	+	1	1	0	1	1
AG-894-A06	reference	AG-894-A06_NODE_11	32978	23	AG-894-A06_01100	15261	16577	1317	+	1	1	0	1	1
AG-894-A06	reference	AG-894-A06_NODE_11	32978	23	AG-894-A06_01101	16581	17792	1212	+	1	1	0	1	1
AG-894-A06	reference	AG-894-A06_NODE_11	32978	23	AG-894-A06_01102	17758	18231	474	+	1	1	0	1	1
AG-894-A06	reference	AG-894-A06_NODE_11	32978	23	AG-894-A06_01103	18233	18553	321	+	1	1	0	1	1
AG-894-A06	reference	AG-894-A06_NODE_11	32978	23	AG-894-A06_01104	18561	19439	879	+	1	1	0	1	1
AG-894-A06	reference	AG-894-A06_NODE_11	32978	23	AG-894-A06_01105	19441	20736	1296	+	1	1	0	1	1
AG-894-A06	reference	AG-894-A06_NODE_11	32978	23	AG-894-A06_01106	20725	21297	573	-	1	1	0	1	1
AG-894-A06	reference	AG-894-A06_NODE_11	32978	23	AG-894-A06_01107	21290	21856	567	-	1	1	0	1	1
AG-894-A06	reference	AG-894-A06_NODE_11	32978	23	AG-894-A06_01108	21940	22656	717	-	1	1	0	1	1
AG-894-A06	reference	AG-894-A06_NODE_11	32978	23	AG-894-A06_01109	22657	23436	780	-	1	1	0	1	1
AG-894-A06	reference	AG-894-A06_NODE_11	32978	23	AG-894-A06_01110	23439	24491	1053	-	1	1	0	1	1
AG-894-A06	reference	AG-894-A06_NODE_11	32978	23	AG-894-A06_01111	24493	25629	1137	-	1	1	0	1	1
AG-894-A06	reference	AG-894-A06_NODE_11	32978	23	AG-894-A06_01112	25619	26830	1212	-	1	1	0	1	1
AG-894-A06	reference	AG-894-A06_NODE_11	32978	23	AG-894-A06_01113	26837	27790	954	-	1	1	0	1	1
AG-894-A06	reference	AG-894-A06_NODE_11	32978	23	AG-894-A06_01114	27887	29587	1701	+	1	1	0	1	1
AG-894-A06	reference	AG-894-A06_NODE_11	32978	23	AG-894-A06_01115	29587	30156	570	+	1	1	0	1	1
AG-894-A06	reference	AG-894-A06_NODE_11	32978	23	AG-894-A06_01116	30153	30656	504	-	1	1	0	1	1
AG-894-A06	reference	AG-894-A06_NODE_11	32978	23	AG-894-A06_01117	30728	31618	891	-	1	1	0	1	1
AG-894-A06	reference	AG-894-A06_NODE_11	32978	23	AG-894-A06_01118	31708	32847	1140	+	1	1	0	1	1
AG-894-A06	reference	AG-894-A06_NODE_12	23531	23	AG-894-A06_01119	143	1288	1146	+	1	1	0	1	1
AG-894-A06	reference	AG-894-A06_NODE_12	23531	23	AG-894-A06_01120	1289	4141	2853	-	1	1	0	1	1
AG-894-A06	reference	AG-894-A06_NODE_12	23531	23	AG-894-A06_01121	4208	4312	105	-	1	1	0	1	1
AG-894-A06	reference	AG-894-A06_NODE_12	23531	23	AG-894-A06_01122	4453	4968	516	+	1	1	0	1	1
AG-894-A06	reference	AG-894-A06_NODE_12	23531	23	AG-894-A06_01123	5030	5323	294	+	1	1	0	1	1
AG-894-A06	reference	AG-894-A06_NODE_12	23531	23	AG-894-A06_01124	5336	6664	1329	-	1	1	0	1	1
AG-894-A06	reference	AG-894-A06_NODE_12	23531	23	AG-894-A06_01125	6680	7078	399	-	1	1	0	1	1
AG-894-A06	reference	AG-894-A06_NODE_12	23531	23	AG-894-A06_01126	7170	7694	525	+	1	1	0	1	1
AG-894-A06	reference	AG-894-A06_NODE_12	23531	23	AG-894-A06_01127	7702	8646	945	+	1	1	0	1	1
AG-894-A06	reference	AG-894-A06_NODE_12	23531	23	AG-894-A06_01128	8647	10464	1818	+	1	1	0	1	1
AG-894-A06	reference	AG-894-A06_NODE_12	23531	23	AG-894-A06_01129	10502	14170	3669	+	1	1	0	1	1
AG-894-A06	reference	AG-894-A06_NODE_12	23531	23	AG-894-A06_01130	14314	16104	1791	+	1	1	0	1	1
AG-894-A06	reference	AG-894-A06_NODE_12	23531	23	AG-894-A06_01131	16110	17795	1686	-	1	1	0	1	1
AG-894-A06	reference	AG-894-A06_NODE_12	23531	23	AG-894-A06_01132	17815	18792	978	-	1	1	0	1	1
AG-894-A06	reference	AG-894-A06_NODE_12	23531	23	AG-894-A06_01133	18792	20042	1251	-	1	1	0	1	1
AG-894-A06	reference	AG-894-A06_NODE_12	23531	23	AG-894-A06_01134	20074	21180	1107	+	1	1	0	1	1
AG-894-A06	reference	AG-894-A06_NODE_12	23531	23	AG-894-A06_01135	21188	21616	429	+	1	1	0	1	1
AG-894-A06	reference	AG-894-A06_NODE_12	23531	23	AG-894-A06_01136	21619	22485	867	+	1	1	0	1	1
AG-894-A06	reference	AG-894-A06_NODE_12	23531	23	AG-894-A06_01137	22486	23361	876	-	1	1	0	1	1
AG-894-A06	reference	AG-894-A06_NODE_13	19730	23	AG-894-A06_01138	58	402	345	+	1	1	0	1	1
AG-894-A06	reference	AG-894-A06_NODE_13	19730	23	AG-894-A06_01139	533	1240	708	+	1	1	0	1	1
AG-894-A06	reference	AG-894-A06_NODE_13	19730	23	AG-894-A06_01140	1446	4706	3261	+	1	1	0	1	1
AG-894-A06	reference	AG-894-A06_NODE_13	19730	23	AG-894-A06_01141	4723	6327	1605	+	1	1	0	1	1
AG-894-A06	reference	AG-894-A06_NODE_13	19730	23	AG-894-A06_01142	6339	7301	963	+	1	1	0	1	1
AG-894-A06	reference	AG-894-A06_NODE_13	19730	23	AG-894-A06_01143	7369	8100	732	+	1	1	0	1	1
AG-894-A06	reference	AG-894-A06_NODE_13	19730	23	AG-894-A06_01144	8133	10643	2511	+	1	1	0	1	1
AG-894-A06	reference	AG-894-A06_NODE_13	19730	23	AG-894-A06_01145	10687	11745	1059	+	1	1	0	1	1
AG-894-A06	reference	AG-894-A06_NODE_13	19730	23	AG-894-A06_01146	11758	12618	861	+	1	1	0	1	1
AG-894-A06	reference	AG-894-A06_NODE_13	19730	23	AG-894-A06_01147	12671	12934	264	+	1	1	0	1	1
AG-894-A06	reference	AG-894-A06_NODE_13	19730	23	AG-894-A06_01148	12992	15100	2109	+	1	1	0	1	1
AG-894-A06	reference	AG-894-A06_NODE_13	19730	23	AG-894-A06_01149	15144	16007	864	+	1	1	0	1	1
AG-894-A06	reference	AG-894-A06_NODE_13	19730	23	AG-894-A06_01150	16091	16735	645	+	1	1	0	1	1
AG-894-A06	reference	AG-894-A06_NODE_13	19730	23	AG-894-A06_01151	16767	17513	747	+	1	1	0	1	1
AG-894-A06	reference	AG-894-A06_NODE_13	19730	23	AG-894-A06_01152	17501	18769	1269	+	1	1	0	1	1
AG-894-A06	reference	AG-894-A06_NODE_13	19730	23	AG-894-A06_01153	18783	19235	453	-	1	1	0	1	1
AG-894-A06	reference	AG-894-A06_NODE_13	19730	23	AG-894-A06_01154	19239	19364	126	-	1	1	0	1	1
AG-894-A06	reference	AG-894-A06_NODE_14	13570	23	AG-894-A06_01155	101	925	825	+	1	1	0	1	1
AG-894-A06	reference	AG-894-A06_NODE_14	13570	23	AG-894-A06_01156	929	1825	897	+	1	1	0	1	1
AG-894-A06	reference	AG-894-A06_NODE_14	13570	23	AG-894-A06_01157	1837	3960	2124	-	1	1	0	1	1
AG-894-A06	reference	AG-894-A06_NODE_14	13570	23	AG-894-A06_01158	3960	5294	1335	-	1	1	0	1	1
AG-894-A06	reference	AG-894-A06_NODE_14	13570	23	AG-894-A06_01159	5403	6263	861	+	1	1	0	1	1
AG-894-A06	reference	AG-894-A06_NODE_14	13570	23	AG-894-A06_01160	6266	6934	669	+	1	1	0	1	1
AG-894-A06	reference	AG-894-A06_NODE_14	13570	23	AG-894-A06_01161	6984	7352	369	+	1	1	0	1	1
AG-894-A06	reference	AG-894-A06_NODE_14	13570	23	AG-894-A06_01162	7353	7793	441	-	1	1	0	1	1
AG-894-A06	reference	AG-894-A06_NODE_14	13570	23	AG-894-A06_01163	7840	8307	468	-	1	1	0	1	1
AG-894-A06	reference	AG-894-A06_NODE_14	13570	23	AG-894-A06_01164	8300	9703	1404	-	1	1	0	1	1
AG-894-A06	reference	AG-894-A06_NODE_14	13570	23	AG-894-A06_01165	9719	9934	216	-	1	1	0	1	1
AG-894-A06	reference	AG-894-A06_NODE_14	13570	23	AG-894-A06_01166	9967	11226	1260	+	1	1	0	1	1
AG-894-A06	reference	AG-894-A06_NODE_14	13570	23	AG-894-A06_01167	11316	11930	615	+	1	1	0	1	1
AG-894-A06	reference	AG-894-A06_NODE_14	13570	23	AG-894-A06_01168	11917	12591	675	+	1	1	0	1	1
AG-894-A06	reference	AG-894-A06_NODE_14	13570	23	AG-894-A06_01169	12607	12795	189	+	1	1	0	1	1
AG-894-A06	reference	AG-894-A06_NODE_15	10835	23	AG-894-A06_01170	547	1869	1323	+	1	1	0	1	1
AG-894-A06	reference	AG-894-A06_NODE_15	10835	23	AG-894-A06_01171	1866	2126	261	-	1	1	0	1	1
AG-894-A06	reference	AG-894-A06_NODE_15	10835	23	AG-894-A06_01172	2133	2558	426	-	1	1	0	1	1
AG-894-A06	reference	AG-894-A06_NODE_15	10835	23	AG-894-A06_01173	2618	3649	1032	-	1	1	0	1	1
AG-894-A06	reference	AG-894-A06_NODE_15	10835	23	AG-894-A06_01174	3646	4497	852	-	1	1	0	1	1
AG-894-A06	reference	AG-894-A06_NODE_15	10835	23	AG-894-A06_01175	4494	5708	1215	-	1	1	0	1	1
AG-894-A06	reference	AG-894-A06_NODE_15	10835	23	AG-894-A06_01176	5690	6829	1140	-	1	1	0	1	1
AG-894-A06	reference	AG-894-A06_NODE_15	10835	23	AG-894-A06_01177	6839	7951	1113	-	1	1	0	1	1
AG-894-A06	reference	AG-894-A06_NODE_15	10835	23	AG-894-A06_01178	7962	8963	1002	-	1	1	0	1	1
AG-894-A06	reference	AG-894-A06_NODE_16	7092	23	AG-894-A06_01181	136	708	573	+	1	1	0	1	1
AG-894-A06	reference	AG-894-A06_NODE_16	7092	23	AG-894-A06_01182	701	1597	897	+	1	1	0	1	1
AG-894-A06	reference	AG-894-A06_NODE_16	7092	23	AG-894-A06_01183	1627	1905	279	-	1	1	0	1	1
AG-894-A06	reference	AG-894-A06_NODE_16	7092	23	AG-894-A06_01184	1927	2556	630	-	1	1	0	1	1
AG-894-A06	reference	AG-894-A06_NODE_16	7092	23	AG-894-A06_01185	2586	3287	702	+	1	1	0	1	1
AG-894-A06	reference	AG-894-A06_NODE_16	7092	23	AG-894-A06_01186	3347	4081	735	-	1	1	0	1	1
AG-894-A06	reference	AG-894-A06_NODE_16	7092	23	AG-894-A06_01187	4108	4833	726	-	1	1	0	1	1
AG-894-A06	reference	AG-894-A06_NODE_16	7092	23	AG-894-A06_01188	5074	5259	186	+	1	1	0	1	1
AG-894-A06	reference	AG-894-A06_NODE_16	7092	23	AG-894-A06_01189	5285	5737	453	+	1	1	0	1	1
AG-894-A06	reference	AG-894-A06_NODE_16	7092	23	AG-894-A06_01190	5734	6588	855	+	1	1	0	1	1
AG-894-A06	reference	AG-894-A06_NODE_16	7092	23	AG-894-A06_01191	6585	7007	423	-	1	1	0	1	1
AG-894-A06	reference	AG-894-A06_NODE_17	6838	23	AG-894-A06_01192	205	420	216	-	1	1	0	1	1
AG-894-A06	reference	AG-894-A06_NODE_17	6838	23	AG-894-A06_01193	420	1772	1353	-	1	1	0	1	1
AG-894-A06	reference	AG-894-A06_NODE_17	6838	23	AG-894-A06_01194	1772	2224	453	-	1	1	0	1	1
AG-894-A06	reference	AG-894-A06_NODE_17	6838	23	AG-894-A06_01195	2230	2415	186	-	1	1	0	1	1
AG-894-A06	reference	AG-894-A06_NODE_17	6838	23	AG-894-A06_01196	2412	2936	525	-	1	1	0	1	1
AG-894-A06	reference	AG-894-A06_NODE_17	6838	23	AG-894-A06_01197	2939	3298	360	-	1	1	0	1	1
AG-894-A06	reference	AG-894-A06_NODE_17	6838	23	AG-894-A06_01198	3300	3842	543	-	1	1	0	1	1
AG-894-A06	reference	AG-894-A06_NODE_17	6838	23	AG-894-A06_01199	3852	4253	402	-	1	1	0	1	1
AG-894-A06	reference	AG-894-A06_NODE_17	6838	23	AG-894-A06_01200	4264	4533	270	-	1	1	0	1	1
AG-894-A06	reference	AG-894-A06_NODE_17	6838	23	AG-894-A06_01201	4537	5085	549	-	1	1	0	1	1
AG-894-A06	reference	AG-894-A06_NODE_17	6838	23	AG-894-A06_01202	5088	5399	312	-	1	1	0	1	1
AG-894-A06	reference	AG-894-A06_NODE_17	6838	23	AG-894-A06_01203	5407	5775	369	-	1	1	0	1	1
AG-894-A06	reference	AG-894-A06_NODE_17	6838	23	AG-894-A06_01204	5777	6034	258	-	1	1	0	1	1
AG-894-A06	reference	AG-894-A06_NODE_17	6838	23	AG-894-A06_01205	6024	6224	201	-	1	1	0	1	1
AG-894-A06	reference	AG-894-A06_NODE_17	6838	23	AG-894-A06_01206	6214	6645	432	-	1	1	0	1	1
AG-894-A06	reference	AG-894-A06_NODE_18	4273	23	AG-894-A06_01207	1189	2811	1623	-	1	1	0	1	1
AG-894-A06	reference	AG-894-A06_NODE_18	4273	23	AG-894-A06_01208	2879	3595	717	+	1	1	0	1	1
AG-894-A06	reference	AG-894-A06_NODE_19	3958	23	AG-894-A06_01209	9	344	336	+	1	1	0	1	1
AG-894-A06	reference	AG-894-A06_NODE_19	3958	23	AG-894-A06_01210	483	857	375	-	1	1	0	1	1
AG-894-A06	reference	AG-894-A06_NODE_19	3958	23	AG-894-A06_01211	857	1423	567	-	1	1	0	1	1
AG-894-A06	reference	AG-894-A06_NODE_19	3958	23	AG-894-A06_01212	1445	2422	978	-	1	1	0	1	1
AG-894-A06	reference	AG-894-A06_NODE_19	3958	23	AG-894-A06_01213	2550	3056	507	+	1	1	0	1	1
AG-894-A06	reference	AG-894-A06_NODE_19	3958	23	AG-894-A06_01214	3168	3935	768	-	1	1	0	1	1
AG-894-A06	reference	AG-894-A06_NODE_2	183099	23	AG-894-A06_00213	57	326	270	+	1	1	0	1	1
AG-894-A06	reference	AG-894-A06_NODE_2	183099	23	AG-894-A06_00214	323	1024	702	-	1	1	0	1	1
AG-894-A06	reference	AG-894-A06_NODE_2	183099	23	AG-894-A06_00215	1067	1324	258	-	1	1	0	1	1
AG-894-A06	reference	AG-894-A06_NODE_2	183099	23	AG-894-A06_00216	1321	4131	2811	-	1	1	0	1	1
AG-894-A06	reference	AG-894-A06_NODE_2	183099	23	AG-894-A06_00217	4215	5087	873	+	1	1	0	1	1
AG-894-A06	reference	AG-894-A06_NODE_2	183099	23	AG-894-A06_00218	5091	5318	228	+	1	1	0	1	1
AG-894-A06	reference	AG-894-A06_NODE_2	183099	23	AG-894-A06_00219	5318	6007	690	+	1	1	0	1	1
AG-894-A06	reference	AG-894-A06_NODE_2	183099	23	AG-894-A06_00220	6048	6755	708	+	1	1	0	1	1
AG-894-A06	reference	AG-894-A06_NODE_2	183099	23	AG-894-A06_00221	6764	7315	552	+	1	1	0	1	1
AG-894-A06	reference	AG-894-A06_NODE_2	183099	23	AG-894-A06_00222	7319	8743	1425	+	1	1	0	1	1
AG-894-A06	reference	AG-894-A06_NODE_2	183099	23	AG-894-A06_00223	8791	10215	1425	+	1	1	0	1	1
AG-894-A06	reference	AG-894-A06_NODE_2	183099	23	AG-894-A06_00224	10207	10902	696	-	1	1	0	1	1
AG-894-A06	reference	AG-894-A06_NODE_2	183099	23	AG-894-A06_00225	10874	11356	483	-	1	1	0	1	1
AG-894-A06	reference	AG-894-A06_NODE_2	183099	23	AG-894-A06_00226	11358	11981	624	-	1	1	0	1	1
AG-894-A06	reference	AG-894-A06_NODE_2	183099	23	AG-894-A06_00227	11985	12434	450	-	1	1	0	1	1
AG-894-A06	reference	AG-894-A06_NODE_2	183099	23	AG-894-A06_00228	12441	13220	780	-	1	1	0	1	1
AG-894-A06	reference	AG-894-A06_NODE_2	183099	23	AG-894-A06_00229	13333	14193	861	+	1	1	0	1	1
AG-894-A06	reference	AG-894-A06_NODE_2	183099	23	AG-894-A06_00230	14197	15591	1395	-	1	1	0	1	1
AG-894-A06	reference	AG-894-A06_NODE_2	183099	23	AG-894-A06_00231	15599	16606	1008	-	1	1	0	1	1
AG-894-A06	reference	AG-894-A06_NODE_2	183099	23	AG-894-A06_00232	16747	17688	942	+	1	1	0	1	1
AG-894-A06	reference	AG-894-A06_NODE_2	183099	23	AG-894-A06_00234	17793	18554	762	-	1	1	0	1	1
AG-894-A06	reference	AG-894-A06_NODE_2	183099	23	AG-894-A06_00235	18556	19746	1191	-	1	1	0	1	1
AG-894-A06	reference	AG-894-A06_NODE_2	183099	23	AG-894-A06_00236	19834	20793	960	+	1	1	0	1	1
AG-894-A06	reference	AG-894-A06_NODE_2	183099	23	AG-894-A06_00237	20799	21827	1029	-	1	1	0	1	1
AG-894-A06	reference	AG-894-A06_NODE_2	183099	23	AG-894-A06_00238	21814	23214	1401	-	1	1	0	1	1
AG-894-A06	reference	AG-894-A06_NODE_2	183099	23	AG-894-A06_00239	23201	23680	480	-	1	1	0	1	1
AG-894-A06	reference	AG-894-A06_NODE_2	183099	23	AG-894-A06_00240	23708	26461	2754	-	1	1	0	1	1
AG-894-A06	reference	AG-894-A06_NODE_2	183099	23	AG-894-A06_00241	26533	27792	1260	+	1	1	0	1	1
AG-894-A06	reference	AG-894-A06_NODE_2	183099	23	AG-894-A06_00242	27796	28224	429	+	1	1	0	1	1
AG-894-A06	reference	AG-894-A06_NODE_2	183099	23	AG-894-A06_00243	28221	29390	1170	-	1	1	0	1	1
AG-894-A06	reference	AG-894-A06_NODE_2	183099	23	AG-894-A06_00244	29393	31777	2385	-	1	1	0	1	1
AG-894-A06	reference	AG-894-A06_NODE_2	183099	23	AG-894-A06_00245	31850	32143	294	+	1	1	0	1	1
AG-894-A06	reference	AG-894-A06_NODE_2	183099	23	AG-894-A06_00246	32193	32393	201	+	1	1	0	1	1
AG-894-A06	reference	AG-894-A06_NODE_2	183099	23	AG-894-A06_00247	32433	33272	840	+	1	1	0	1	1
AG-894-A06	reference	AG-894-A06_NODE_2	183099	23	AG-894-A06_00248	33269	34267	999	+	1	1	0	1	1
AG-894-A06	reference	AG-894-A06_NODE_2	183099	23	AG-894-A06_00249	34276	34833	558	+	1	1	0	1	1
AG-894-A06	reference	AG-894-A06_NODE_2	183099	23	AG-894-A06_00250	34844	35251	408	+	1	1	0	1	1
AG-894-A06	reference	AG-894-A06_NODE_2	183099	23	AG-894-A06_00253	35506	36624	1119	-	1	1	0	1	1
AG-894-A06	reference	AG-894-A06_NODE_2	183099	23	AG-894-A06_00254	36611	36838	228	-	1	1	0	1	1
AG-894-A06	reference	AG-894-A06_NODE_2	183099	23	AG-894-A06_00255	36828	39386	2559	-	1	1	0	1	1
AG-894-A06	reference	AG-894-A06_NODE_2	183099	23	AG-894-A06_00256	39461	39991	531	+	1	1	0	1	1
AG-894-A06	reference	AG-894-A06_NODE_2	183099	23	AG-894-A06_00257	39995	40492	498	-	1	1	0	1	1
AG-894-A06	reference	AG-894-A06_NODE_2	183099	23	AG-894-A06_00258	40507	41211	705	+	1	1	0	1	1
AG-894-A06	reference	AG-894-A06_NODE_2	183099	23	AG-894-A06_00259	41213	41905	693	+	1	1	0	1	1
AG-894-A06	reference	AG-894-A06_NODE_2	183099	23	AG-894-A06_00260	41898	42689	792	-	1	1	0	1	1
AG-894-A06	reference	AG-894-A06_NODE_2	183099	23	AG-894-A06_00261	42731	44233	1503	+	1	1	0	1	1
AG-894-A06	reference	AG-894-A06_NODE_2	183099	23	AG-894-A06_00262	44230	45459	1230	-	1	1	0	1	1
AG-894-A06	reference	AG-894-A06_NODE_2	183099	23	AG-894-A06_00263	45462	46118	657	-	1	1	0	1	1
AG-894-A06	reference	AG-894-A06_NODE_2	183099	23	AG-894-A06_00265	46916	47431	516	+	1	1	0	1	1
AG-894-A06	reference	AG-894-A06_NODE_2	183099	23	AG-894-A06_00266	47474	48646	1173	+	1	1	0	1	1
AG-894-A06	reference	AG-894-A06_NODE_2	183099	23	AG-894-A06_00267	48643	50982	2340	-	1	1	0	1	1
AG-894-A06	reference	AG-894-A06_NODE_2	183099	23	AG-894-A06_00268	50983	51900	918	-	1	1	0	1	1
AG-894-A06	reference	AG-894-A06_NODE_2	183099	23	AG-894-A06_00269	51989	52633	645	+	1	1	0	1	1
AG-894-A06	reference	AG-894-A06_NODE_2	183099	23	AG-894-A06_00270	52642	54090	1449	-	1	1	0	1	1
AG-894-A06	reference	AG-894-A06_NODE_2	183099	23	AG-894-A06_00272	54283	55215	933	+	1	1	0	1	1
AG-894-A06	reference	AG-894-A06_NODE_2	183099	23	AG-894-A06_00273	55220	55927	708	+	1	1	0	1	1
AG-894-A06	reference	AG-894-A06_NODE_2	183099	23	AG-894-A06_00274	55972	56604	633	+	1	1	0	1	1
AG-894-A06	reference	AG-894-A06_NODE_2	183099	23	AG-894-A06_00275	56591	57517	927	+	1	1	0	1	1
AG-894-A06	reference	AG-894-A06_NODE_2	183099	23	AG-894-A06_00276	57545	58819	1275	+	1	1	0	1	1
AG-894-A06	reference	AG-894-A06_NODE_2	183099	23	AG-894-A06_00277	58823	59608	786	+	1	1	0	1	1
AG-894-A06	reference	AG-894-A06_NODE_2	183099	23	AG-894-A06_00278	59595	60953	1359	+	1	1	0	1	1
AG-894-A06	reference	AG-894-A06_NODE_2	183099	23	AG-894-A06_00279	60953	61363	411	+	1	1	0	1	1
AG-894-A06	reference	AG-894-A06_NODE_2	183099	23	AG-894-A06_00280	61355	61840	486	-	1	1	0	1	1
AG-894-A06	reference	AG-894-A06_NODE_2	183099	23	AG-894-A06_00281	61844	62614	771	-	1	1	0	1	1
AG-894-A06	reference	AG-894-A06_NODE_2	183099	23	AG-894-A06_00282	62611	63324	714	-	1	1	0	1	1
AG-894-A06	reference	AG-894-A06_NODE_2	183099	23	AG-894-A06_00283	63392	64279	888	+	1	1	0	1	1
AG-894-A06	reference	AG-894-A06_NODE_2	183099	23	AG-894-A06_00284	64281	64988	708	+	1	1	0	1	1
AG-894-A06	reference	AG-894-A06_NODE_2	183099	23	AG-894-A06_00285	64963	67509	2547	+	1	1	0	1	1
AG-894-A06	reference	AG-894-A06_NODE_2	183099	23	AG-894-A06_00286	67562	68068	507	+	1	1	0	1	1
AG-894-A06	reference	AG-894-A06_NODE_2	183099	23	AG-894-A06_00287	68077	68736	660	-	1	1	0	1	1
AG-894-A06	reference	AG-894-A06_NODE_2	183099	23	AG-894-A06_00288	68742	70076	1335	-	1	1	0	1	1
AG-894-A06	reference	AG-894-A06_NODE_2	183099	23	AG-894-A06_00289	70089	71225	1137	-	1	1	0	1	1
AG-894-A06	reference	AG-894-A06_NODE_2	183099	23	AG-894-A06_00290	71245	72522	1278	-	1	1	0	1	1
AG-894-A06	reference	AG-894-A06_NODE_2	183099	23	AG-894-A06_00291	72515	73744	1230	-	1	1	0	1	1
AG-894-A06	reference	AG-894-A06_NODE_2	183099	23	AG-894-A06_00292	73737	74435	699	-	1	1	0	1	1
AG-894-A06	reference	AG-894-A06_NODE_2	183099	23	AG-894-A06_00293	74495	74944	450	-	1	1	0	1	1
AG-894-A06	reference	AG-894-A06_NODE_2	183099	23	AG-894-A06_00294	74941	75156	216	-	1	1	0	1	1
AG-894-A06	reference	AG-894-A06_NODE_2	183099	23	AG-894-A06_00295	75166	75576	411	-	1	1	0	1	1
AG-894-A06	reference	AG-894-A06_NODE_2	183099	23	AG-894-A06_00296	75658	75873	216	-	1	1	0	1	1
AG-894-A06	reference	AG-894-A06_NODE_2	183099	23	AG-894-A06_00297	75873	76412	540	-	1	1	0	1	1
AG-894-A06	reference	AG-894-A06_NODE_2	183099	23	AG-894-A06_00298	76405	77103	699	-	1	1	0	1	1
AG-894-A06	reference	AG-894-A06_NODE_2	183099	23	AG-894-A06_00299	77096	77755	660	-	1	1	0	1	1
AG-894-A06	reference	AG-894-A06_NODE_2	183099	23	AG-894-A06_00300	77755	78147	393	-	1	1	0	1	1
AG-894-A06	reference	AG-894-A06_NODE_2	183099	23	AG-894-A06_00301	78150	79130	981	-	1	1	0	1	1
AG-894-A06	reference	AG-894-A06_NODE_2	183099	23	AG-894-A06_00302	79164	79778	615	-	1	1	0	1	1
AG-894-A06	reference	AG-894-A06_NODE_2	183099	23	AG-894-A06_00303	79778	80668	891	-	1	1	0	1	1
AG-894-A06	reference	AG-894-A06_NODE_2	183099	23	AG-894-A06_00304	80694	81398	705	-	1	1	0	1	1
AG-894-A06	reference	AG-894-A06_NODE_2	183099	23	AG-894-A06_00305	81473	81853	381	-	1	1	0	1	1
AG-894-A06	reference	AG-894-A06_NODE_2	183099	23	AG-894-A06_00306	81856	82437	582	-	1	1	0	1	1
AG-894-A06	reference	AG-894-A06_NODE_2	183099	23	AG-894-A06_00307	82437	84716	2280	-	1	1	0	1	1
AG-894-A06	reference	AG-894-A06_NODE_2	183099	23	AG-894-A06_00308	84746	85744	999	-	1	1	0	1	1
AG-894-A06	reference	AG-894-A06_NODE_2	183099	23	AG-894-A06_00309	85789	87651	1863	-	1	1	0	1	1
AG-894-A06	reference	AG-894-A06_NODE_2	183099	23	AG-894-A06_00310	87665	88732	1068	-	1	1	0	1	1
AG-894-A06	reference	AG-894-A06_NODE_2	183099	23	AG-894-A06_00311	88734	90125	1392	-	1	1	0	1	1
AG-894-A06	reference	AG-894-A06_NODE_2	183099	23	AG-894-A06_00312	90129	90674	546	-	1	1	0	1	1
AG-894-A06	reference	AG-894-A06_NODE_2	183099	23	AG-894-A06_00313	90676	91197	522	-	1	1	0	1	1
AG-894-A06	reference	AG-894-A06_NODE_2	183099	23	AG-894-A06_00314	91197	92579	1383	-	1	1	0	1	1
AG-894-A06	reference	AG-894-A06_NODE_2	183099	23	AG-894-A06_00315	92582	95638	3057	-	1	1	0	1	1
AG-894-A06	reference	AG-894-A06_NODE_2	183099	23	AG-894-A06_00316	95645	96889	1245	-	1	1	0	1	1
AG-894-A06	reference	AG-894-A06_NODE_2	183099	23	AG-894-A06_00317	97068	97448	381	+	1	1	0	1	1
AG-894-A06	reference	AG-894-A06_NODE_2	183099	23	AG-894-A06_00318	97443	99929	2487	-	1	1	0	1	1
AG-894-A06	reference	AG-894-A06_NODE_2	183099	23	AG-894-A06_00319	99939	101171	1233	-	1	1	0	1	1
AG-894-A06	reference	AG-894-A06_NODE_2	183099	23	AG-894-A06_00321	101399	102646	1248	-	1	1	0	1	1
AG-894-A06	reference	AG-894-A06_NODE_2	183099	23	AG-894-A06_00322	102731	106240	3510	+	1	1	0	1	1
AG-894-A06	reference	AG-894-A06_NODE_2	183099	23	AG-894-A06_00323	106290	106589	300	-	1	1	0	1	1
AG-894-A06	reference	AG-894-A06_NODE_2	183099	23	AG-894-A06_00324	106808	108118	1311	+	1	1	0	1	1
AG-894-A06	reference	AG-894-A06_NODE_2	183099	23	AG-894-A06_00325	108229	111054	2826	+	1	1	0	1	1
AG-894-A06	reference	AG-894-A06_NODE_2	183099	23	AG-894-A06_00326	111074	112681	1608	+	1	1	0	1	1
AG-894-A06	reference	AG-894-A06_NODE_2	183099	23	AG-894-A06_00327	112678	113034	357	-	1	1	0	1	1
AG-894-A06	reference	AG-894-A06_NODE_2	183099	23	AG-894-A06_00328	113139	115616	2478	-	1	1	0	1	1
AG-894-A06	reference	AG-894-A06_NODE_2	183099	23	AG-894-A06_00329	115660	116637	978	-	1	1	0	1	1
AG-894-A06	reference	AG-894-A06_NODE_2	183099	23	AG-894-A06_00330	116906	117103	198	+	1	1	0	1	1
AG-894-A06	reference	AG-894-A06_NODE_2	183099	23	AG-894-A06_00331	117100	117519	420	-	1	1	0	1	1
AG-894-A06	reference	AG-894-A06_NODE_2	183099	23	AG-894-A06_00332	117606	118016	411	+	1	1	0	1	1
AG-894-A06	reference	AG-894-A06_NODE_2	183099	23	AG-894-A06_00333	118017	119447	1431	-	1	1	0	1	1
AG-894-A06	reference	AG-894-A06_NODE_2	183099	23	AG-894-A06_00334	119606	119728	123	-	1	1	0	1	1
AG-894-A06	reference	AG-894-A06_NODE_2	183099	23	AG-894-A06_00335	119833	120795	963	-	1	1	0	1	1
AG-894-A06	reference	AG-894-A06_NODE_2	183099	23	AG-894-A06_00336	120785	122365	1581	-	1	1	0	1	1
AG-894-A06	reference	AG-894-A06_NODE_2	183099	23	AG-894-A06_00337	122383	123402	1020	-	1	1	0	1	1
AG-894-A06	reference	AG-894-A06_NODE_2	183099	23	AG-894-A06_00338	123577	125787	2211	+	1	1	0	1	1
AG-894-A06	reference	AG-894-A06_NODE_2	183099	23	AG-894-A06_00339	125819	126214	396	+	1	1	0	1	1
AG-894-A06	reference	AG-894-A06_NODE_2	183099	23	AG-894-A06_00340	126360	127640	1281	+	1	1	0	1	1
AG-894-A06	reference	AG-894-A06_NODE_2	183099	23	AG-894-A06_00341	127633	128559	927	+	1	1	0	1	1
AG-894-A06	reference	AG-894-A06_NODE_2	183099	23	AG-894-A06_00342	128552	129271	720	+	1	1	0	1	1
AG-894-A06	reference	AG-894-A06_NODE_2	183099	23	AG-894-A06_00343	129258	130238	981	+	1	1	0	1	1
AG-894-A06	reference	AG-894-A06_NODE_2	183099	23	AG-894-A06_00344	130239	131522	1284	+	1	1	0	1	1
AG-894-A06	reference	AG-894-A06_NODE_2	183099	23	AG-894-A06_00345	131523	132548	1026	+	1	1	0	1	1
AG-894-A06	reference	AG-894-A06_NODE_2	183099	23	AG-894-A06_00346	132554	133933	1380	+	1	1	0	1	1
AG-894-A06	reference	AG-894-A06_NODE_2	183099	23	AG-894-A06_00347	133933	134952	1020	+	1	1	0	1	1
AG-894-A06	reference	AG-894-A06_NODE_2	183099	23	AG-894-A06_00348	134957	136279	1323	+	1	1	0	1	1
AG-894-A06	reference	AG-894-A06_NODE_2	183099	23	AG-894-A06_00349	136272	137123	852	-	1	1	0	1	1
AG-894-A06	reference	AG-894-A06_NODE_2	183099	23	AG-894-A06_00350	137196	138464	1269	+	1	1	0	1	1
AG-894-A06	reference	AG-894-A06_NODE_2	183099	23	AG-894-A06_00351	138461	139597	1137	+	1	1	0	1	1
AG-894-A06	reference	AG-894-A06_NODE_2	183099	23	AG-894-A06_00352	139594	140355	762	-	1	1	0	1	1
AG-894-A06	reference	AG-894-A06_NODE_2	183099	23	AG-894-A06_00353	140352	141893	1542	-	1	1	0	1	1
AG-894-A06	reference	AG-894-A06_NODE_2	183099	23	AG-894-A06_00354	141960	143594	1635	+	1	1	0	1	1
AG-894-A06	reference	AG-894-A06_NODE_2	183099	23	AG-894-A06_00355	143599	144756	1158	+	1	1	0	1	1
AG-894-A06	reference	AG-894-A06_NODE_2	183099	23	AG-894-A06_00356	144758	145498	741	-	1	1	0	1	1
AG-894-A06	reference	AG-894-A06_NODE_2	183099	23	AG-894-A06_00357	145500	147026	1527	-	1	1	0	1	1
AG-894-A06	reference	AG-894-A06_NODE_2	183099	23	AG-894-A06_00358	147029	149368	2340	-	1	1	0	1	1
AG-894-A06	reference	AG-894-A06_NODE_2	183099	23	AG-894-A06_00359	149423	150088	666	-	1	1	0	1	1
AG-894-A06	reference	AG-894-A06_NODE_2	183099	23	AG-894-A06_00360	150134	152959	2826	-	1	1	0	1	1
AG-894-A06	reference	AG-894-A06_NODE_2	183099	23	AG-894-A06_00361	153024	154313	1290	+	1	1	0	1	1
AG-894-A06	reference	AG-894-A06_NODE_2	183099	23	AG-894-A06_00362	154310	154975	666	-	1	1	0	1	1
AG-894-A06	reference	AG-894-A06_NODE_2	183099	23	AG-894-A06_00363	155054	156376	1323	+	1	1	0	1	1
AG-894-A06	reference	AG-894-A06_NODE_2	183099	23	AG-894-A06_00364	156432	158366	1935	-	1	1	0	1	1
AG-894-A06	reference	AG-894-A06_NODE_2	183099	23	AG-894-A06_00365	158501	158809	309	-	1	1	0	1	1
AG-894-A06	reference	AG-894-A06_NODE_2	183099	23	AG-894-A06_00367	159807	160241	435	+	1	1	0	1	1
AG-894-A06	reference	AG-894-A06_NODE_2	183099	23	AG-894-A06_00368	160456	160890	435	+	1	1	0	1	1
AG-894-A06	reference	AG-894-A06_NODE_2	183099	23	AG-894-A06_00369	161136	161405	270	+	1	1	0	1	1
AG-894-A06	reference	AG-894-A06_NODE_2	183099	23	AG-894-A06_00370	161407	162135	729	-	1	1	0	1	1
AG-894-A06	reference	AG-894-A06_NODE_2	183099	23	AG-894-A06_00371	162144	162542	399	-	1	1	0	1	1
AG-894-A06	reference	AG-894-A06_NODE_2	183099	23	AG-894-A06_00372	162602	163522	921	+	1	1	0	1	1
AG-894-A06	reference	AG-894-A06_NODE_2	183099	23	AG-894-A06_00373	163570	165027	1458	-	1	1	0	1	1
AG-894-A06	reference	AG-894-A06_NODE_2	183099	23	AG-894-A06_00374	165052	165222	171	-	1	1	0	1	1
AG-894-A06	reference	AG-894-A06_NODE_2	183099	23	AG-894-A06_00375	165317	165556	240	+	1	1	0	1	1
AG-894-A06	reference	AG-894-A06_NODE_2	183099	23	AG-894-A06_00376	165654	166070	417	-	1	1	0	1	1
AG-894-A06	reference	AG-894-A06_NODE_2	183099	23	AG-894-A06_00377	166221	166769	549	+	1	1	0	1	1
AG-894-A06	reference	AG-894-A06_NODE_2	183099	23	AG-894-A06_00378	166808	168115	1308	+	1	1	0	1	1
AG-894-A06	reference	AG-894-A06_NODE_2	183099	23	AG-894-A06_00379	168121	168606	486	+	1	1	0	1	1
AG-894-A06	reference	AG-894-A06_NODE_2	183099	23	AG-894-A06_00380	168610	169110	501	-	1	1	0	1	1
AG-894-A06	reference	AG-894-A06_NODE_2	183099	23	AG-894-A06_00381	169117	169290	174	-	1	1	0	1	1
AG-894-A06	reference	AG-894-A06_NODE_2	183099	23	AG-894-A06_00382	169611	170384	774	+	1	1	0	1	1
AG-894-A06	reference	AG-894-A06_NODE_2	183099	23	AG-894-A06_00383	170395	170838	444	+	1	1	0	1	1
AG-894-A06	reference	AG-894-A06_NODE_2	183099	23	AG-894-A06_00384	170839	171615	777	-	1	1	0	1	1
AG-894-A06	reference	AG-894-A06_NODE_2	183099	23	AG-894-A06_00385	171689	172894	1206	+	1	1	0	1	1
AG-894-A06	reference	AG-894-A06_NODE_2	183099	23	AG-894-A06_00386	173035	173643	609	+	1	1	0	1	1
AG-894-A06	reference	AG-894-A06_NODE_2	183099	23	AG-894-A06_00387	173655	174686	1032	+	1	1	0	1	1
AG-894-A06	reference	AG-894-A06_NODE_2	183099	23	AG-894-A06_00388	174716	177751	3036	+	1	1	0	1	1
AG-894-A06	reference	AG-894-A06_NODE_2	183099	23	AG-894-A06_00389	177744	178301	558	+	1	1	0	1	1
AG-894-A06	reference	AG-894-A06_NODE_2	183099	23	AG-894-A06_00390	178458	179126	669	+	1	1	0	1	1
AG-894-A06	reference	AG-894-A06_NODE_2	183099	23	AG-894-A06_00391	179139	179477	339	+	1	1	0	1	1
AG-894-A06	reference	AG-894-A06_NODE_2	183099	23	AG-894-A06_00392	179483	180715	1233	+	1	1	0	1	1
AG-894-A06	reference	AG-894-A06_NODE_2	183099	23	AG-894-A06_00393	180824	182323	1500	+	1	1	0	1	1
AG-894-A06	reference	AG-894-A06_NODE_2	183099	23	AG-894-A06_00394	182370	182741	372	-	1	1	0	1	1
AG-894-A06	reference	AG-894-A06_NODE_20	3225	23	AG-894-A06_01215	143	442	300	+	1	1	0	1	1
AG-894-A06	reference	AG-894-A06_NODE_20	3225	23	AG-894-A06_01216	910	1902	993	+	1	1	0	1	1
AG-894-A06	reference	AG-894-A06_NODE_20	3225	23	AG-894-A06_01217	1938	2621	684	-	1	1	0	1	1
AG-894-A06	reference	AG-894-A06_NODE_20	3225	23	AG-894-A06_01218	2712	2933	222	+	1	1	0	1	1
AG-894-A06	reference	AG-894-A06_NODE_21	2863	23	AG-894-A06_01219	32	433	402	+	1	1	0	1	1
AG-894-A06	reference	AG-894-A06_NODE_21	2863	23	AG-894-A06_01220	397	957	561	+	1	1	0	1	1
AG-894-A06	reference	AG-894-A06_NODE_22	2186	23	AG-894-A06_01221	480	1757	1278	-	1	1	0	1	1
AG-894-A06	reference	AG-894-A06_NODE_22	2186	23	AG-894-A06_01222	1765	2055	291	-	1	1	0	1	1
AG-894-A06	reference	AG-894-A06_NODE_23	2088	23	AG-894-A06_01223	176	649	474	+	1	1	0	1	1
AG-894-A06	reference	AG-894-A06_NODE_23	2088	23	AG-894-A06_01224	649	1038	390	+	1	1	0	1	1
AG-894-A06	reference	AG-894-A06_NODE_23	2088	23	AG-894-A06_01225	1038	1406	369	+	1	1	0	1	1
AG-894-A06	reference	AG-894-A06_NODE_23	2088	23	AG-894-A06_01226	1407	2036	630	-	1	1	0	1	1
AG-894-A06	reference	AG-894-A06_NODE_3	141691	23	AG-894-A06_00396	158	400	243	+	1	1	0	1	1
AG-894-A06	reference	AG-894-A06_NODE_3	141691	23	AG-894-A06_00397	515	2560	2046	+	1	1	0	1	1
AG-894-A06	reference	AG-894-A06_NODE_3	141691	23	AG-894-A06_00398	2557	3684	1128	-	1	1	0	1	1
AG-894-A06	reference	AG-894-A06_NODE_3	141691	23	AG-894-A06_00399	3681	6566	2886	-	1	1	0	1	1
AG-894-A06	reference	AG-894-A06_NODE_3	141691	23	AG-894-A06_00400	6570	7052	483	-	1	1	0	1	1
AG-894-A06	reference	AG-894-A06_NODE_3	141691	23	AG-894-A06_00401	7049	7822	774	-	1	1	0	1	1
AG-894-A06	reference	AG-894-A06_NODE_3	141691	23	AG-894-A06_00402	7822	8274	453	-	1	1	0	1	1
AG-894-A06	reference	AG-894-A06_NODE_3	141691	23	AG-894-A06_00403	8284	9603	1320	-	1	1	0	1	1
AG-894-A06	reference	AG-894-A06_NODE_3	141691	23	AG-894-A06_00404	9604	10518	915	-	1	1	0	1	1
AG-894-A06	reference	AG-894-A06_NODE_3	141691	23	AG-894-A06_00405	10583	11626	1044	-	1	1	0	1	1
AG-894-A06	reference	AG-894-A06_NODE_3	141691	23	AG-894-A06_00406	11705	14302	2598	+	1	1	0	1	1
AG-894-A06	reference	AG-894-A06_NODE_3	141691	23	AG-894-A06_00407	14306	14686	381	+	1	1	0	1	1
AG-894-A06	reference	AG-894-A06_NODE_3	141691	23	AG-894-A06_00408	14692	15543	852	-	1	1	0	1	1
AG-894-A06	reference	AG-894-A06_NODE_3	141691	23	AG-894-A06_00409	15547	16545	999	-	1	1	0	1	1
AG-894-A06	reference	AG-894-A06_NODE_3	141691	23	AG-894-A06_00410	16563	17549	987	-	1	1	0	1	1
AG-894-A06	reference	AG-894-A06_NODE_3	141691	23	AG-894-A06_00411	17610	21179	3570	-	1	1	0	1	1
AG-894-A06	reference	AG-894-A06_NODE_3	141691	23	AG-894-A06_00412	21268	22287	1020	+	1	1	0	1	1
AG-894-A06	reference	AG-894-A06_NODE_3	141691	23	AG-894-A06_00413	22287	22976	690	+	1	1	0	1	1
AG-894-A06	reference	AG-894-A06_NODE_3	141691	23	AG-894-A06_00414	22973	23950	978	-	1	1	0	1	1
AG-894-A06	reference	AG-894-A06_NODE_3	141691	23	AG-894-A06_00415	23943	24401	459	-	1	1	0	1	1
AG-894-A06	reference	AG-894-A06_NODE_3	141691	23	AG-894-A06_00416	24402	24974	573	-	1	1	0	1	1
AG-894-A06	reference	AG-894-A06_NODE_3	141691	23	AG-894-A06_00417	24998	26617	1620	-	1	1	0	1	1
AG-894-A06	reference	AG-894-A06_NODE_3	141691	23	AG-894-A06_00418	26659	28095	1437	+	1	1	0	1	1
AG-894-A06	reference	AG-894-A06_NODE_3	141691	23	AG-894-A06_00419	28108	29721	1614	+	1	1	0	1	1
AG-894-A06	reference	AG-894-A06_NODE_3	141691	23	AG-894-A06_00420	29713	31275	1563	-	1	1	0	1	1
AG-894-A06	reference	AG-894-A06_NODE_3	141691	23	AG-894-A06_00421	31259	32788	1530	-	1	1	0	1	1
AG-894-A06	reference	AG-894-A06_NODE_3	141691	23	AG-894-A06_00424	33065	34297	1233	-	1	1	0	1	1
AG-894-A06	reference	AG-894-A06_NODE_3	141691	23	AG-894-A06_00425	34309	36795	2487	-	1	1	0	1	1
AG-894-A06	reference	AG-894-A06_NODE_3	141691	23	AG-894-A06_00426	36976	39528	2553	+	1	1	0	1	1
AG-894-A06	reference	AG-894-A06_NODE_3	141691	23	AG-894-A06_00427	39525	41978	2454	+	1	1	0	1	1
AG-894-A06	reference	AG-894-A06_NODE_3	141691	23	AG-894-A06_00428	41965	42894	930	+	1	1	0	1	1
AG-894-A06	reference	AG-894-A06_NODE_3	141691	23	AG-894-A06_00429	42891	44195	1305	+	1	1	0	1	1
AG-894-A06	reference	AG-894-A06_NODE_3	141691	23	AG-894-A06_00430	44204	45277	1074	+	1	1	0	1	1
AG-894-A06	reference	AG-894-A06_NODE_3	141691	23	AG-894-A06_00431	45280	45993	714	+	1	1	0	1	1
AG-894-A06	reference	AG-894-A06_NODE_3	141691	23	AG-894-A06_00432	45994	46527	534	-	1	1	0	1	1
AG-894-A06	reference	AG-894-A06_NODE_3	141691	23	AG-894-A06_00433	46520	47242	723	-	1	1	0	1	1
AG-894-A06	reference	AG-894-A06_NODE_3	141691	23	AG-894-A06_00434	47332	47997	666	+	1	1	0	1	1
AG-894-A06	reference	AG-894-A06_NODE_3	141691	23	AG-894-A06_00435	47969	48718	750	+	1	1	0	1	1
AG-894-A06	reference	AG-894-A06_NODE_3	141691	23	AG-894-A06_00436	48696	49241	546	+	1	1	0	1	1
AG-894-A06	reference	AG-894-A06_NODE_3	141691	23	AG-894-A06_00437	49503	50657	1155	+	1	1	0	1	1
AG-894-A06	reference	AG-894-A06_NODE_3	141691	23	AG-894-A06_00438	50654	51199	546	+	1	1	0	1	1
AG-894-A06	reference	AG-894-A06_NODE_3	141691	23	AG-894-A06_00439	51188	52084	897	-	1	1	0	1	1
AG-894-A06	reference	AG-894-A06_NODE_3	141691	23	AG-894-A06_00440	52085	54127	2043	-	1	1	0	1	1
AG-894-A06	reference	AG-894-A06_NODE_3	141691	23	AG-894-A06_00441	54117	54605	489	-	1	1	0	1	1
AG-894-A06	reference	AG-894-A06_NODE_3	141691	23	AG-894-A06_00442	54606	55241	636	-	1	1	0	1	1
AG-894-A06	reference	AG-894-A06_NODE_3	141691	23	AG-894-A06_00443	55244	56182	939	-	1	1	0	1	1
AG-894-A06	reference	AG-894-A06_NODE_3	141691	23	AG-894-A06_00444	56182	56718	537	-	1	1	0	1	1
AG-894-A06	reference	AG-894-A06_NODE_3	141691	23	AG-894-A06_00445	56801	58600	1800	-	1	1	0	1	1
AG-894-A06	reference	AG-894-A06_NODE_3	141691	23	AG-894-A06_00446	58656	59312	657	-	1	1	0	1	1
AG-894-A06	reference	AG-894-A06_NODE_3	141691	23	AG-894-A06_00447	59314	61764	2451	-	1	1	0	1	1
AG-894-A06	reference	AG-894-A06_NODE_3	141691	23	AG-894-A06_00448	61856	63178	1323	-	1	1	0	1	1
AG-894-A06	reference	AG-894-A06_NODE_3	141691	23	AG-894-A06_00449	63244	63735	492	+	1	1	0	1	1
AG-894-A06	reference	AG-894-A06_NODE_3	141691	23	AG-894-A06_00450	63728	65119	1392	+	1	1	0	1	1
AG-894-A06	reference	AG-894-A06_NODE_3	141691	23	AG-894-A06_00451	65106	65525	420	-	1	1	0	1	1
AG-894-A06	reference	AG-894-A06_NODE_3	141691	23	AG-894-A06_00452	65568	66461	894	+	1	1	0	1	1
AG-894-A06	reference	AG-894-A06_NODE_3	141691	23	AG-894-A06_00453	66463	68256	1794	-	1	1	0	1	1
AG-894-A06	reference	AG-894-A06_NODE_3	141691	23	AG-894-A06_00454	68281	70491	2211	+	1	1	0	1	1
AG-894-A06	reference	AG-894-A06_NODE_3	141691	23	AG-894-A06_00455	70498	71196	699	-	1	1	0	1	1
AG-894-A06	reference	AG-894-A06_NODE_3	141691	23	AG-894-A06_00456	71198	72775	1578	-	1	1	0	1	1
AG-894-A06	reference	AG-894-A06_NODE_3	141691	23	AG-894-A06_00457	72836	73414	579	-	1	1	0	1	1
AG-894-A06	reference	AG-894-A06_NODE_3	141691	23	AG-894-A06_00458	73411	74226	816	-	1	1	0	1	1
AG-894-A06	reference	AG-894-A06_NODE_3	141691	23	AG-894-A06_00459	74241	75893	1653	-	1	1	0	1	1
AG-894-A06	reference	AG-894-A06_NODE_3	141691	23	AG-894-A06_00460	75877	77088	1212	-	1	1	0	1	1
AG-894-A06	reference	AG-894-A06_NODE_3	141691	23	AG-894-A06_00461	77100	77432	333	-	1	1	0	1	1
AG-894-A06	reference	AG-894-A06_NODE_3	141691	23	AG-894-A06_00462	77441	78223	783	-	1	1	0	1	1
AG-894-A06	reference	AG-894-A06_NODE_3	141691	23	AG-894-A06_00463	78258	80252	1995	-	1	1	0	1	1
AG-894-A06	reference	AG-894-A06_NODE_3	141691	23	AG-894-A06_00464	80254	81093	840	-	1	1	0	1	1
AG-894-A06	reference	AG-894-A06_NODE_3	141691	23	AG-894-A06_00465	81090	81569	480	-	1	1	0	1	1
AG-894-A06	reference	AG-894-A06_NODE_3	141691	23	AG-894-A06_00466	81621	82658	1038	+	1	1	0	1	1
AG-894-A06	reference	AG-894-A06_NODE_3	141691	23	AG-894-A06_00467	82655	83047	393	-	1	1	0	1	1
AG-894-A06	reference	AG-894-A06_NODE_3	141691	23	AG-894-A06_00468	83232	84659	1428	+	1	1	0	1	1
AG-894-A06	reference	AG-894-A06_NODE_3	141691	23	AG-894-A06_00469	84662	85690	1029	-	1	1	0	1	1
AG-894-A06	reference	AG-894-A06_NODE_3	141691	23	AG-894-A06_00470	85687	86190	504	-	1	1	0	1	1
AG-894-A06	reference	AG-894-A06_NODE_3	141691	23	AG-894-A06_00471	86260	87393	1134	+	1	1	0	1	1
AG-894-A06	reference	AG-894-A06_NODE_3	141691	23	AG-894-A06_00472	87393	88070	678	+	1	1	0	1	1
AG-894-A06	reference	AG-894-A06_NODE_3	141691	23	AG-894-A06_00473	88127	88471	345	+	1	1	0	1	1
AG-894-A06	reference	AG-894-A06_NODE_3	141691	23	AG-894-A06_00474	88477	89712	1236	+	1	1	0	1	1
AG-894-A06	reference	AG-894-A06_NODE_3	141691	23	AG-894-A06_00475	89712	90527	816	+	1	1	0	1	1
AG-894-A06	reference	AG-894-A06_NODE_3	141691	23	AG-894-A06_00476	90520	90747	228	+	1	1	0	1	1
AG-894-A06	reference	AG-894-A06_NODE_3	141691	23	AG-894-A06_00477	90755	92719	1965	+	1	1	0	1	1
AG-894-A06	reference	AG-894-A06_NODE_3	141691	23	AG-894-A06_00478	93300	93497	198	+	1	1	0	1	1
AG-894-A06	reference	AG-894-A06_NODE_3	141691	23	AG-894-A06_00479	93508	93852	345	+	1	1	0	1	1
AG-894-A06	reference	AG-894-A06_NODE_3	141691	23	AG-894-A06_00480	93998	96502	2505	+	1	1	0	1	1
AG-894-A06	reference	AG-894-A06_NODE_3	141691	23	AG-894-A06_00481	96707	98107	1401	+	1	1	0	1	1
AG-894-A06	reference	AG-894-A06_NODE_3	141691	23	AG-894-A06_00482	98097	98564	468	+	1	1	0	1	1
AG-894-A06	reference	AG-894-A06_NODE_3	141691	23	AG-894-A06_00483	98550	99452	903	-	1	1	0	1	1
AG-894-A06	reference	AG-894-A06_NODE_3	141691	23	AG-894-A06_00484	99456	100805	1350	-	1	1	0	1	1
AG-894-A06	reference	AG-894-A06_NODE_3	141691	23	AG-894-A06_00485	100868	101284	417	-	1	1	0	1	1
AG-894-A06	reference	AG-894-A06_NODE_3	141691	23	AG-894-A06_00486	101287	103194	1908	-	1	1	0	1	1
AG-894-A06	reference	AG-894-A06_NODE_3	141691	23	AG-894-A06_00487	103303	104118	816	+	1	1	0	1	1
AG-894-A06	reference	AG-894-A06_NODE_3	141691	23	AG-894-A06_00488	104162	104806	645	+	1	1	0	1	1
AG-894-A06	reference	AG-894-A06_NODE_3	141691	23	AG-894-A06_00489	104769	106340	1572	-	1	1	0	1	1
AG-894-A06	reference	AG-894-A06_NODE_3	141691	23	AG-894-A06_00490	106467	107627	1161	+	1	1	0	1	1
AG-894-A06	reference	AG-894-A06_NODE_3	141691	23	AG-894-A06_00491	107620	109011	1392	+	1	1	0	1	1
AG-894-A06	reference	AG-894-A06_NODE_3	141691	23	AG-894-A06_00492	109013	109609	597	+	1	1	0	1	1
AG-894-A06	reference	AG-894-A06_NODE_3	141691	23	AG-894-A06_00493	109609	111123	1515	+	1	1	0	1	1
AG-894-A06	reference	AG-894-A06_NODE_3	141691	23	AG-894-A06_00494	111126	112193	1068	+	1	1	0	1	1
AG-894-A06	reference	AG-894-A06_NODE_3	141691	23	AG-894-A06_00495	112190	113761	1572	-	1	1	0	1	1
AG-894-A06	reference	AG-894-A06_NODE_3	141691	23	AG-894-A06_00496	113774	115024	1251	-	1	1	0	1	1
AG-894-A06	reference	AG-894-A06_NODE_3	141691	23	AG-894-A06_00497	115026	116501	1476	-	1	1	0	1	1
AG-894-A06	reference	AG-894-A06_NODE_3	141691	23	AG-894-A06_00498	116507	117040	534	-	1	1	0	1	1
AG-894-A06	reference	AG-894-A06_NODE_3	141691	23	AG-894-A06_00499	117042	118736	1695	-	1	1	0	1	1
AG-894-A06	reference	AG-894-A06_NODE_3	141691	23	AG-894-A06_00500	118741	120414	1674	-	1	1	0	1	1
AG-894-A06	reference	AG-894-A06_NODE_3	141691	23	AG-894-A06_00501	120607	121986	1380	+	1	1	0	1	1
AG-894-A06	reference	AG-894-A06_NODE_3	141691	23	AG-894-A06_00502	121988	122704	717	+	1	1	0	1	1
AG-894-A06	reference	AG-894-A06_NODE_3	141691	23	AG-894-A06_00503	122706	124634	1929	-	1	1	0	1	1
AG-894-A06	reference	AG-894-A06_NODE_3	141691	23	AG-894-A06_00504	124627	125556	930	-	1	1	0	1	1
AG-894-A06	reference	AG-894-A06_NODE_3	141691	23	AG-894-A06_00505	125648	127108	1461	+	1	1	0	1	1
AG-894-A06	reference	AG-894-A06_NODE_3	141691	23	AG-894-A06_00506	127150	129411	2262	+	1	1	0	1	1
AG-894-A06	reference	AG-894-A06_NODE_3	141691	23	AG-894-A06_00507	129401	130015	615	+	1	1	0	1	1
AG-894-A06	reference	AG-894-A06_NODE_3	141691	23	AG-894-A06_00508	130017	131453	1437	+	1	1	0	1	1
AG-894-A06	reference	AG-894-A06_NODE_3	141691	23	AG-894-A06_00509	131450	132556	1107	+	1	1	0	1	1
AG-894-A06	reference	AG-894-A06_NODE_3	141691	23	AG-894-A06_00510	132546	133322	777	-	1	1	0	1	1
AG-894-A06	reference	AG-894-A06_NODE_3	141691	23	AG-894-A06_00511	133412	134206	795	+	1	1	0	1	1
AG-894-A06	reference	AG-894-A06_NODE_3	141691	23	AG-894-A06_00513	134370	135479	1110	-	1	1	0	1	1
AG-894-A06	reference	AG-894-A06_NODE_3	141691	23	AG-894-A06_00514	135538	137004	1467	+	1	1	0	1	1
AG-894-A06	reference	AG-894-A06_NODE_3	141691	23	AG-894-A06_00515	137007	137672	666	+	1	1	0	1	1
AG-894-A06	reference	AG-894-A06_NODE_3	141691	23	AG-894-A06_00516	137662	138498	837	-	1	1	0	1	1
AG-894-A06	reference	AG-894-A06_NODE_3	141691	23	AG-894-A06_00517	138499	139209	711	-	1	1	0	1	1
AG-894-A06	reference	AG-894-A06_NODE_3	141691	23	AG-894-A06_00518	139199	139912	714	-	1	1	0	1	1
AG-894-A06	reference	AG-894-A06_NODE_3	141691	23	AG-894-A06_00519	139912	141102	1191	-	1	1	0	1	1
AG-894-A06	reference	AG-894-A06_NODE_3	141691	23	AG-894-A06_00520	141102	141686	585	-	1	1	0	1	1
AG-894-A06	reference	AG-894-A06_NODE_4	112113	23	AG-894-A06_00521	653	1678	1026	-	1	1	0	1	1
AG-894-A06	reference	AG-894-A06_NODE_4	112113	23	AG-894-A06_00522	1729	2589	861	-	1	1	0	1	1
AG-894-A06	reference	AG-894-A06_NODE_4	112113	23	AG-894-A06_00523	2593	4167	1575	-	1	1	0	1	1
AG-894-A06	reference	AG-894-A06_NODE_4	112113	23	AG-894-A06_00524	4179	4403	225	-	1	1	0	1	1
AG-894-A06	reference	AG-894-A06_NODE_4	112113	23	AG-894-A06_00525	4406	4945	540	-	1	1	0	1	1
AG-894-A06	reference	AG-894-A06_NODE_4	112113	23	AG-894-A06_00526	4951	5451	501	-	1	1	0	1	1
AG-894-A06	reference	AG-894-A06_NODE_4	112113	23	AG-894-A06_00527	5464	5658	195	-	1	1	0	1	1
AG-894-A06	reference	AG-894-A06_NODE_4	112113	23	AG-894-A06_00528	5695	6726	1032	-	1	1	0	1	1
AG-894-A06	reference	AG-894-A06_NODE_4	112113	23	AG-894-A06_00529	6854	7057	204	-	1	1	0	1	1
AG-894-A06	reference	AG-894-A06_NODE_4	112113	23	AG-894-A06_00530	7041	7442	402	-	1	1	0	1	1
AG-894-A06	reference	AG-894-A06_NODE_4	112113	23	AG-894-A06_00531	7531	7812	282	+	1	1	0	1	1
AG-894-A06	reference	AG-894-A06_NODE_4	112113	23	AG-894-A06_00532	7793	8860	1068	-	1	1	0	1	1
AG-894-A06	reference	AG-894-A06_NODE_4	112113	23	AG-894-A06_00533	8841	9470	630	-	1	1	0	1	1
AG-894-A06	reference	AG-894-A06_NODE_4	112113	23	AG-894-A06_00534	9467	10420	954	-	1	1	0	1	1
AG-894-A06	reference	AG-894-A06_NODE_4	112113	23	AG-894-A06_00535	10457	10690	234	+	1	1	0	1	1
AG-894-A06	reference	AG-894-A06_NODE_4	112113	23	AG-894-A06_00536	10682	11956	1275	-	1	1	0	1	1
AG-894-A06	reference	AG-894-A06_NODE_4	112113	23	AG-894-A06_00537	11953	12882	930	-	1	1	0	1	1
AG-894-A06	reference	AG-894-A06_NODE_4	112113	23	AG-894-A06_00538	12882	13928	1047	-	1	1	0	1	1
AG-894-A06	reference	AG-894-A06_NODE_4	112113	23	AG-894-A06_00539	13931	15418	1488	-	1	1	0	1	1
AG-894-A06	reference	AG-894-A06_NODE_4	112113	23	AG-894-A06_00540	15419	16276	858	-	1	1	0	1	1
AG-894-A06	reference	AG-894-A06_NODE_4	112113	23	AG-894-A06_00541	16388	16540	153	+	1	1	0	1	1
AG-894-A06	reference	AG-894-A06_NODE_4	112113	23	AG-894-A06_00542	16546	17523	978	-	1	1	0	1	1
AG-894-A06	reference	AG-894-A06_NODE_4	112113	23	AG-894-A06_00543	17520	18707	1188	-	1	1	0	1	1
AG-894-A06	reference	AG-894-A06_NODE_4	112113	23	AG-894-A06_00544	18756	19862	1107	+	1	1	0	1	1
AG-894-A06	reference	AG-894-A06_NODE_4	112113	23	AG-894-A06_00545	19859	20671	813	-	1	1	0	1	1
AG-894-A06	reference	AG-894-A06_NODE_4	112113	23	AG-894-A06_00546	20681	22552	1872	-	1	1	0	1	1
AG-894-A06	reference	AG-894-A06_NODE_4	112113	23	AG-894-A06_00547	22545	22979	435	-	1	1	0	1	1
AG-894-A06	reference	AG-894-A06_NODE_4	112113	23	AG-894-A06_00548	23050	24498	1449	+	1	1	0	1	1
AG-894-A06	reference	AG-894-A06_NODE_4	112113	23	AG-894-A06_00549	24502	25521	1020	+	1	1	0	1	1
AG-894-A06	reference	AG-894-A06_NODE_4	112113	23	AG-894-A06_00550	25525	27177	1653	-	1	1	0	1	1
AG-894-A06	reference	AG-894-A06_NODE_4	112113	23	AG-894-A06_00551	27241	27591	351	+	1	1	0	1	1
AG-894-A06	reference	AG-894-A06_NODE_4	112113	23	AG-894-A06_00553	30257	30691	435	+	1	1	0	1	1
AG-894-A06	reference	AG-894-A06_NODE_4	112113	23	AG-894-A06_00554	30684	31133	450	+	1	1	0	1	1
AG-894-A06	reference	AG-894-A06_NODE_4	112113	23	AG-894-A06_00555	31162	31824	663	-	1	1	0	1	1
AG-894-A06	reference	AG-894-A06_NODE_4	112113	23	AG-894-A06_00556	31840	32163	324	-	1	1	0	1	1
AG-894-A06	reference	AG-894-A06_NODE_4	112113	23	AG-894-A06_00557	32160	33011	852	-	1	1	0	1	1
AG-894-A06	reference	AG-894-A06_NODE_4	112113	23	AG-894-A06_00558	33013	34812	1800	-	1	1	0	1	1
AG-894-A06	reference	AG-894-A06_NODE_4	112113	23	AG-894-A06_00559	34899	35891	993	+	1	1	0	1	1
AG-894-A06	reference	AG-894-A06_NODE_4	112113	23	AG-894-A06_00560	35888	37081	1194	-	1	1	0	1	1
AG-894-A06	reference	AG-894-A06_NODE_4	112113	23	AG-894-A06_00561	37083	37442	360	-	1	1	0	1	1
AG-894-A06	reference	AG-894-A06_NODE_4	112113	23	AG-894-A06_00564	38493	38954	462	+	1	1	0	1	1
AG-894-A06	reference	AG-894-A06_NODE_4	112113	23	AG-894-A06_00565	39074	41761	2688	+	1	1	0	1	1
AG-894-A06	reference	AG-894-A06_NODE_4	112113	23	AG-894-A06_00566	41775	42839	1065	+	1	1	0	1	1
AG-894-A06	reference	AG-894-A06_NODE_4	112113	23	AG-894-A06_00567	43284	44036	753	-	1	1	0	1	1
AG-894-A06	reference	AG-894-A06_NODE_4	112113	23	AG-894-A06_00568	44071	44187	117	-	1	1	0	1	1
AG-894-A06	reference	AG-894-A06_NODE_4	112113	23	AG-894-A06_00569	44507	45097	591	-	1	1	0	1	1
AG-894-A06	reference	AG-894-A06_NODE_4	112113	23	AG-894-A06_00570	45141	45395	255	-	1	1	0	1	1
AG-894-A06	reference	AG-894-A06_NODE_4	112113	23	AG-894-A06_00571	45632	47812	2181	+	1	1	0	1	1
AG-894-A06	reference	AG-894-A06_NODE_4	112113	23	AG-894-A06_00572	47850	49871	2022	+	1	1	0	1	1
AG-894-A06	reference	AG-894-A06_NODE_4	112113	23	AG-894-A06_00573	49875	50927	1053	+	1	1	0	1	1
AG-894-A06	reference	AG-894-A06_NODE_4	112113	23	AG-894-A06_00574	50933	52150	1218	+	1	1	0	1	1
AG-894-A06	reference	AG-894-A06_NODE_4	112113	23	AG-894-A06_00575	52152	53093	942	-	1	1	0	1	1
AG-894-A06	reference	AG-894-A06_NODE_4	112113	23	AG-894-A06_00576	53094	53288	195	-	1	1	0	1	1
AG-894-A06	reference	AG-894-A06_NODE_4	112113	23	AG-894-A06_00577	53495	54106	612	+	1	1	0	1	1
AG-894-A06	reference	AG-894-A06_NODE_4	112113	23	AG-894-A06_00578	54191	54751	561	+	1	1	0	1	1
AG-894-A06	reference	AG-894-A06_NODE_4	112113	23	AG-894-A06_00579	54728	55336	609	-	1	1	0	1	1
AG-894-A06	reference	AG-894-A06_NODE_4	112113	23	AG-894-A06_00580	55337	55831	495	-	1	1	0	1	1
AG-894-A06	reference	AG-894-A06_NODE_4	112113	23	AG-894-A06_00581	55828	56532	705	-	1	1	0	1	1
AG-894-A06	reference	AG-894-A06_NODE_4	112113	23	AG-894-A06_00582	56567	57541	975	-	1	1	0	1	1
AG-894-A06	reference	AG-894-A06_NODE_4	112113	23	AG-894-A06_00583	57616	58098	483	+	1	1	0	1	1
AG-894-A06	reference	AG-894-A06_NODE_4	112113	23	AG-894-A06_00584	58156	59310	1155	+	1	1	0	1	1
AG-894-A06	reference	AG-894-A06_NODE_4	112113	23	AG-894-A06_00585	59307	60257	951	-	1	1	0	1	1
AG-894-A06	reference	AG-894-A06_NODE_4	112113	23	AG-894-A06_00586	60260	60844	585	-	1	1	0	1	1
AG-894-A06	reference	AG-894-A06_NODE_4	112113	23	AG-894-A06_00587	60891	61892	1002	+	1	1	0	1	1
AG-894-A06	reference	AG-894-A06_NODE_4	112113	23	AG-894-A06_00588	61940	62458	519	+	1	1	0	1	1
AG-894-A06	reference	AG-894-A06_NODE_4	112113	23	AG-894-A06_00589	62459	62647	189	+	1	1	0	1	1
AG-894-A06	reference	AG-894-A06_NODE_4	112113	23	AG-894-A06_00590	62677	63711	1035	+	1	1	0	1	1
AG-894-A06	reference	AG-894-A06_NODE_4	112113	23	AG-894-A06_00591	63722	64207	486	+	1	1	0	1	1
AG-894-A06	reference	AG-894-A06_NODE_4	112113	23	AG-894-A06_00592	64212	65546	1335	+	1	1	0	1	1
AG-894-A06	reference	AG-894-A06_NODE_4	112113	23	AG-894-A06_00593	65543	66538	996	-	1	1	0	1	1
AG-894-A06	reference	AG-894-A06_NODE_4	112113	23	AG-894-A06_00594	66541	67122	582	-	1	1	0	1	1
AG-894-A06	reference	AG-894-A06_NODE_4	112113	23	AG-894-A06_00595	67189	67506	318	+	1	1	0	1	1
AG-894-A06	reference	AG-894-A06_NODE_4	112113	23	AG-894-A06_00596	67493	68185	693	+	1	1	0	1	1
AG-894-A06	reference	AG-894-A06_NODE_4	112113	23	AG-894-A06_00597	68194	69867	1674	+	1	1	0	1	1
AG-894-A06	reference	AG-894-A06_NODE_4	112113	23	AG-894-A06_00598	69913	72447	2535	-	1	1	0	1	1
AG-894-A06	reference	AG-894-A06_NODE_4	112113	23	AG-894-A06_00599	72559	74094	1536	-	1	1	0	1	1
AG-894-A06	reference	AG-894-A06_NODE_4	112113	23	AG-894-A06_00600	74094	75338	1245	-	1	1	0	1	1
AG-894-A06	reference	AG-894-A06_NODE_4	112113	23	AG-894-A06_00601	75338	76132	795	-	1	1	0	1	1
AG-894-A06	reference	AG-894-A06_NODE_4	112113	23	AG-894-A06_00602	76158	77885	1728	-	1	1	0	1	1
AG-894-A06	reference	AG-894-A06_NODE_4	112113	23	AG-894-A06_00603	77927	78496	570	+	1	1	0	1	1
AG-894-A06	reference	AG-894-A06_NODE_4	112113	23	AG-894-A06_00604	78493	79080	588	-	1	1	0	1	1
AG-894-A06	reference	AG-894-A06_NODE_4	112113	23	AG-894-A06_00605	79148	79531	384	-	1	1	0	1	1
AG-894-A06	reference	AG-894-A06_NODE_4	112113	23	AG-894-A06_00606	79533	82931	3399	-	1	1	0	1	1
AG-894-A06	reference	AG-894-A06_NODE_4	112113	23	AG-894-A06_00607	82991	85489	2499	-	1	1	0	1	1
AG-894-A06	reference	AG-894-A06_NODE_4	112113	23	AG-894-A06_00608	85464	86183	720	-	1	1	0	1	1
AG-894-A06	reference	AG-894-A06_NODE_4	112113	23	AG-894-A06_00609	86189	87529	1341	-	1	1	0	1	1
AG-894-A06	reference	AG-894-A06_NODE_4	112113	23	AG-894-A06_00610	87531	88481	951	-	1	1	0	1	1
AG-894-A06	reference	AG-894-A06_NODE_4	112113	23	AG-894-A06_00611	88486	89310	825	-	1	1	0	1	1
AG-894-A06	reference	AG-894-A06_NODE_4	112113	23	AG-894-A06_00612	89402	90211	810	+	1	1	0	1	1
AG-894-A06	reference	AG-894-A06_NODE_4	112113	23	AG-894-A06_00613	90212	92041	1830	+	1	1	0	1	1
AG-894-A06	reference	AG-894-A06_NODE_4	112113	23	AG-894-A06_00614	92181	93131	951	-	1	1	0	1	1
AG-894-A06	reference	AG-894-A06_NODE_4	112113	23	AG-894-A06_00615	93135	93881	747	-	1	1	0	1	1
AG-894-A06	reference	AG-894-A06_NODE_4	112113	23	AG-894-A06_00616	93892	95334	1443	-	1	1	0	1	1
AG-894-A06	reference	AG-894-A06_NODE_4	112113	23	AG-894-A06_00617	95429	98353	2925	-	1	1	0	1	1
AG-894-A06	reference	AG-894-A06_NODE_4	112113	23	AG-894-A06_00618	98554	100242	1689	-	1	1	0	1	1
AG-894-A06	reference	AG-894-A06_NODE_4	112113	23	AG-894-A06_00619	100410	101186	777	+	1	1	0	1	1
AG-894-A06	reference	AG-894-A06_NODE_4	112113	23	AG-894-A06_00620	101196	101675	480	+	1	1	0	1	1
AG-894-A06	reference	AG-894-A06_NODE_4	112113	23	AG-894-A06_00621	101700	102878	1179	+	1	1	0	1	1
AG-894-A06	reference	AG-894-A06_NODE_4	112113	23	AG-894-A06_00622	102899	103972	1074	+	1	1	0	1	1
AG-894-A06	reference	AG-894-A06_NODE_4	112113	23	AG-894-A06_00623	104002	105837	1836	-	1	1	0	1	1
AG-894-A06	reference	AG-894-A06_NODE_4	112113	23	AG-894-A06_00624	105982	107496	1515	+	1	1	0	1	1
AG-894-A06	reference	AG-894-A06_NODE_4	112113	23	AG-894-A06_00625	107499	107774	276	+	1	1	0	1	1
AG-894-A06	reference	AG-894-A06_NODE_4	112113	23	AG-894-A06_00626	107755	108204	450	-	1	1	0	1	1
AG-894-A06	reference	AG-894-A06_NODE_4	112113	23	AG-894-A06_00627	108257	109795	1539	-	1	1	0	1	1
AG-894-A06	reference	AG-894-A06_NODE_4	112113	23	AG-894-A06_00628	109926	110015	90	-	1	1	0	1	1
AG-894-A06	reference	AG-894-A06_NODE_4	112113	23	AG-894-A06_00629	110033	110368	336	-	1	1	0	1	1
AG-894-A06	reference	AG-894-A06_NODE_4	112113	23	AG-894-A06_00630	110436	111476	1041	+	1	1	0	1	1
AG-894-A06	reference	AG-894-A06_NODE_4	112113	23	AG-894-A06_00631	111515	111940	426	+	1	1	0	1	1
AG-894-A06	reference	AG-894-A06_NODE_5	100297	23	AG-894-A06_00632	631	1737	1107	-	1	1	0	1	1
AG-894-A06	reference	AG-894-A06_NODE_5	100297	23	AG-894-A06_00634	2911	4671	1761	-	1	1	0	1	1
AG-894-A06	reference	AG-894-A06_NODE_5	100297	23	AG-894-A06_00635	4680	6068	1389	-	1	1	0	1	1
AG-894-A06	reference	AG-894-A06_NODE_5	100297	23	AG-894-A06_00636	6126	7253	1128	+	1	1	0	1	1
AG-894-A06	reference	AG-894-A06_NODE_5	100297	23	AG-894-A06_00637	7302	8168	867	+	1	1	0	1	1
AG-894-A06	reference	AG-894-A06_NODE_5	100297	23	AG-894-A06_00638	8154	9542	1389	-	1	1	0	1	1
AG-894-A06	reference	AG-894-A06_NODE_5	100297	23	AG-894-A06_00639	9587	11275	1689	+	1	1	0	1	1
AG-894-A06	reference	AG-894-A06_NODE_5	100297	23	AG-894-A06_00640	11285	14107	2823	+	1	1	0	1	1
AG-894-A06	reference	AG-894-A06_NODE_5	100297	23	AG-894-A06_00641	14107	16881	2775	+	1	1	0	1	1
AG-894-A06	reference	AG-894-A06_NODE_5	100297	23	AG-894-A06_00642	16919	19318	2400	+	1	1	0	1	1
AG-894-A06	reference	AG-894-A06_NODE_5	100297	23	AG-894-A06_00643	19315	20325	1011	-	1	1	0	1	1
AG-894-A06	reference	AG-894-A06_NODE_5	100297	23	AG-894-A06_00644	20335	20778	444	+	1	1	0	1	1
AG-894-A06	reference	AG-894-A06_NODE_5	100297	23	AG-894-A06_00645	20775	21758	984	+	1	1	0	1	1
AG-894-A06	reference	AG-894-A06_NODE_5	100297	23	AG-894-A06_00646	21822	22745	924	+	1	1	0	1	1
AG-894-A06	reference	AG-894-A06_NODE_5	100297	23	AG-894-A06_00647	22797	25037	2241	-	1	1	0	1	1
AG-894-A06	reference	AG-894-A06_NODE_5	100297	23	AG-894-A06_00648	25149	27254	2106	+	1	1	0	1	1
AG-894-A06	reference	AG-894-A06_NODE_5	100297	23	AG-894-A06_00649	27285	29693	2409	+	1	1	0	1	1
AG-894-A06	reference	AG-894-A06_NODE_5	100297	23	AG-894-A06_00650	29695	31317	1623	-	1	1	0	1	1
AG-894-A06	reference	AG-894-A06_NODE_5	100297	23	AG-894-A06_00651	31322	32725	1404	+	1	1	0	1	1
AG-894-A06	reference	AG-894-A06_NODE_5	100297	23	AG-894-A06_00652	32722	33375	654	-	1	1	0	1	1
AG-894-A06	reference	AG-894-A06_NODE_5	100297	23	AG-894-A06_00653	33381	34172	792	-	1	1	0	1	1
AG-894-A06	reference	AG-894-A06_NODE_5	100297	23	AG-894-A06_00654	34207	35220	1014	+	1	1	0	1	1
AG-894-A06	reference	AG-894-A06_NODE_5	100297	23	AG-894-A06_00655	35213	36487	1275	-	1	1	0	1	1
AG-894-A06	reference	AG-894-A06_NODE_5	100297	23	AG-894-A06_00656	36593	37051	459	+	1	1	0	1	1
AG-894-A06	reference	AG-894-A06_NODE_5	100297	23	AG-894-A06_00657	37048	37725	678	-	1	1	0	1	1
AG-894-A06	reference	AG-894-A06_NODE_5	100297	23	AG-894-A06_00658	37748	38704	957	+	1	1	0	1	1
AG-894-A06	reference	AG-894-A06_NODE_5	100297	23	AG-894-A06_00659	38701	39351	651	+	1	1	0	1	1
AG-894-A06	reference	AG-894-A06_NODE_5	100297	23	AG-894-A06_00660	39351	40466	1116	+	1	1	0	1	1
AG-894-A06	reference	AG-894-A06_NODE_5	100297	23	AG-894-A06_00661	40470	41291	822	+	1	1	0	1	1
AG-894-A06	reference	AG-894-A06_NODE_5	100297	23	AG-894-A06_00662	41278	42183	906	+	1	1	0	1	1
AG-894-A06	reference	AG-894-A06_NODE_5	100297	23	AG-894-A06_00663	42180	43697	1518	+	1	1	0	1	1
AG-894-A06	reference	AG-894-A06_NODE_5	100297	23	AG-894-A06_00664	43745	45265	1521	+	1	1	0	1	1
AG-894-A06	reference	AG-894-A06_NODE_5	100297	23	AG-894-A06_00665	45258	46202	945	-	1	1	0	1	1
AG-894-A06	reference	AG-894-A06_NODE_5	100297	23	AG-894-A06_00666	46214	47137	924	-	1	1	0	1	1
AG-894-A06	reference	AG-894-A06_NODE_5	100297	23	AG-894-A06_00667	47215	48042	828	+	1	1	0	1	1
AG-894-A06	reference	AG-894-A06_NODE_5	100297	23	AG-894-A06_00668	48121	49242	1122	+	1	1	0	1	1
AG-894-A06	reference	AG-894-A06_NODE_5	100297	23	AG-894-A06_00669	49239	50495	1257	-	1	1	0	1	1
AG-894-A06	reference	AG-894-A06_NODE_5	100297	23	AG-894-A06_00670	50500	51540	1041	-	1	1	0	1	1
AG-894-A06	reference	AG-894-A06_NODE_5	100297	23	AG-894-A06_00671	51579	53987	2409	-	1	1	0	1	1
AG-894-A06	reference	AG-894-A06_NODE_5	100297	23	AG-894-A06_00672	54302	55084	783	+	1	1	0	1	1
AG-894-A06	reference	AG-894-A06_NODE_5	100297	23	AG-894-A06_00673	55153	55347	195	+	1	1	0	1	1
AG-894-A06	reference	AG-894-A06_NODE_5	100297	23	AG-894-A06_00674	55411	56913	1503	-	1	1	0	1	1
AG-894-A06	reference	AG-894-A06_NODE_5	100297	23	AG-894-A06_00675	57026	57979	954	-	1	1	0	1	1
AG-894-A06	reference	AG-894-A06_NODE_5	100297	23	AG-894-A06_00676	58016	59116	1101	-	1	1	0	1	1
AG-894-A06	reference	AG-894-A06_NODE_5	100297	23	AG-894-A06_00677	59198	60025	828	+	1	1	0	1	1
AG-894-A06	reference	AG-894-A06_NODE_5	100297	23	AG-894-A06_00678	60027	60983	957	+	1	1	0	1	1
AG-894-A06	reference	AG-894-A06_NODE_5	100297	23	AG-894-A06_00679	60983	61654	672	+	1	1	0	1	1
AG-894-A06	reference	AG-894-A06_NODE_5	100297	23	AG-894-A06_00680	61651	62526	876	-	1	1	0	1	1
AG-894-A06	reference	AG-894-A06_NODE_5	100297	23	AG-894-A06_00681	62579	63085	507	+	1	1	0	1	1
AG-894-A06	reference	AG-894-A06_NODE_5	100297	23	AG-894-A06_00682	63077	63610	534	-	1	1	0	1	1
AG-894-A06	reference	AG-894-A06_NODE_5	100297	23	AG-894-A06_00685	63941	64894	954	+	1	1	0	1	1
AG-894-A06	reference	AG-894-A06_NODE_5	100297	23	AG-894-A06_00686	64911	66200	1290	+	1	1	0	1	1
AG-894-A06	reference	AG-894-A06_NODE_5	100297	23	AG-894-A06_00687	66237	67028	792	-	1	1	0	1	1
AG-894-A06	reference	AG-894-A06_NODE_5	100297	23	AG-894-A06_00688	67076	67924	849	+	1	1	0	1	1
AG-894-A06	reference	AG-894-A06_NODE_5	100297	23	AG-894-A06_00689	67915	68358	444	+	1	1	0	1	1
AG-894-A06	reference	AG-894-A06_NODE_5	100297	23	AG-894-A06_00690	68359	69726	1368	-	1	1	0	1	1
AG-894-A06	reference	AG-894-A06_NODE_5	100297	23	AG-894-A06_00691	69689	70528	840	-	1	1	0	1	1
AG-894-A06	reference	AG-894-A06_NODE_5	100297	23	AG-894-A06_00692	70531	72006	1476	-	1	1	0	1	1
AG-894-A06	reference	AG-894-A06_NODE_5	100297	23	AG-894-A06_00693	72063	72647	585	-	1	1	0	1	1
AG-894-A06	reference	AG-894-A06_NODE_5	100297	23	AG-894-A06_00694	72694	73473	780	+	1	1	0	1	1
AG-894-A06	reference	AG-894-A06_NODE_5	100297	23	AG-894-A06_00695	73460	74485	1026	+	1	1	0	1	1
AG-894-A06	reference	AG-894-A06_NODE_5	100297	23	AG-894-A06_00696	74580	77090	2511	-	1	1	0	1	1
AG-894-A06	reference	AG-894-A06_NODE_5	100297	23	AG-894-A06_00697	77176	77442	267	+	1	1	0	1	1
AG-894-A06	reference	AG-894-A06_NODE_5	100297	23	AG-894-A06_00699	77653	78366	714	-	1	1	0	1	1
AG-894-A06	reference	AG-894-A06_NODE_5	100297	23	AG-894-A06_00700	78363	79520	1158	-	1	1	0	1	1
AG-894-A06	reference	AG-894-A06_NODE_5	100297	23	AG-894-A06_00701	79510	80064	555	-	1	1	0	1	1
AG-894-A06	reference	AG-894-A06_NODE_5	100297	23	AG-894-A06_00702	80114	80782	669	-	1	1	0	1	1
AG-894-A06	reference	AG-894-A06_NODE_5	100297	23	AG-894-A06_00703	80786	81322	537	-	1	1	0	1	1
AG-894-A06	reference	AG-894-A06_NODE_5	100297	23	AG-894-A06_00704	81362	82183	822	+	1	1	0	1	1
AG-894-A06	reference	AG-894-A06_NODE_5	100297	23	AG-894-A06_00705	82175	83938	1764	-	1	1	0	1	1
AG-894-A06	reference	AG-894-A06_NODE_5	100297	23	AG-894-A06_00706	83926	84684	759	-	1	1	0	1	1
AG-894-A06	reference	AG-894-A06_NODE_5	100297	23	AG-894-A06_00707	84798	86222	1425	+	1	1	0	1	1
AG-894-A06	reference	AG-894-A06_NODE_5	100297	23	AG-894-A06_00708	86223	86465	243	-	1	1	0	1	1
AG-894-A06	reference	AG-894-A06_NODE_5	100297	23	AG-894-A06_00710	86586	88064	1479	-	1	1	0	1	1
AG-894-A06	reference	AG-894-A06_NODE_5	100297	23	AG-894-A06_00711	88176	89309	1134	+	1	1	0	1	1
AG-894-A06	reference	AG-894-A06_NODE_5	100297	23	AG-894-A06_00712	89310	90809	1500	+	1	1	0	1	1
AG-894-A06	reference	AG-894-A06_NODE_5	100297	23	AG-894-A06_00713	90861	91547	687	+	1	1	0	1	1
AG-894-A06	reference	AG-894-A06_NODE_5	100297	23	AG-894-A06_00714	91544	92980	1437	+	1	1	0	1	1
AG-894-A06	reference	AG-894-A06_NODE_5	100297	23	AG-894-A06_00715	92967	93197	231	+	1	1	0	1	1
AG-894-A06	reference	AG-894-A06_NODE_5	100297	23	AG-894-A06_00716	93217	94068	852	+	1	1	0	1	1
AG-894-A06	reference	AG-894-A06_NODE_5	100297	23	AG-894-A06_00717	94061	96982	2922	-	1	1	0	1	1
AG-894-A06	reference	AG-894-A06_NODE_5	100297	23	AG-894-A06_00718	97039	97971	933	-	1	1	0	1	1
AG-894-A06	reference	AG-894-A06_NODE_5	100297	23	AG-894-A06_00719	97974	99920	1947	-	1	1	0	1	1
AG-894-A06	reference	AG-894-A06_NODE_6	85337	23	AG-894-A06_00720	129	269	141	+	1	1	0	1	1
AG-894-A06	reference	AG-894-A06_NODE_6	85337	23	AG-894-A06_00721	280	1056	777	+	1	1	0	1	1
AG-894-A06	reference	AG-894-A06_NODE_6	85337	23	AG-894-A06_00722	1078	1845	768	+	1	1	0	1	1
AG-894-A06	reference	AG-894-A06_NODE_6	85337	23	AG-894-A06_00723	1865	2617	753	+	1	1	0	1	1
AG-894-A06	reference	AG-894-A06_NODE_6	85337	23	AG-894-A06_00724	2634	3407	774	+	1	1	0	1	1
AG-894-A06	reference	AG-894-A06_NODE_6	85337	23	AG-894-A06_00725	3419	4189	771	+	1	1	0	1	1
AG-894-A06	reference	AG-894-A06_NODE_6	85337	23	AG-894-A06_00726	4248	5456	1209	+	1	1	0	1	1
AG-894-A06	reference	AG-894-A06_NODE_6	85337	23	AG-894-A06_00727	5453	8854	3402	-	1	1	0	1	1
AG-894-A06	reference	AG-894-A06_NODE_6	85337	23	AG-894-A06_00728	8947	9852	906	-	1	1	0	1	1
AG-894-A06	reference	AG-894-A06_NODE_6	85337	23	AG-894-A06_00729	9852	10763	912	-	1	1	0	1	1
AG-894-A06	reference	AG-894-A06_NODE_6	85337	23	AG-894-A06_00730	10763	13879	3117	-	1	1	0	1	1
AG-894-A06	reference	AG-894-A06_NODE_6	85337	23	AG-894-A06_00731	13974	14474	501	+	1	1	0	1	1
AG-894-A06	reference	AG-894-A06_NODE_6	85337	23	AG-894-A06_00732	14465	15061	597	+	1	1	0	1	1
AG-894-A06	reference	AG-894-A06_NODE_6	85337	23	AG-894-A06_00733	15048	15512	465	+	1	1	0	1	1
AG-894-A06	reference	AG-894-A06_NODE_6	85337	23	AG-894-A06_00734	15513	16205	693	+	1	1	0	1	1
AG-894-A06	reference	AG-894-A06_NODE_6	85337	23	AG-894-A06_00735	16324	17616	1293	+	1	1	0	1	1
AG-894-A06	reference	AG-894-A06_NODE_6	85337	23	AG-894-A06_00736	17609	19099	1491	+	1	1	0	1	1
AG-894-A06	reference	AG-894-A06_NODE_6	85337	23	AG-894-A06_00737	19089	19364	276	+	1	1	0	1	1
AG-894-A06	reference	AG-894-A06_NODE_6	85337	23	AG-894-A06_00738	19367	20677	1311	-	1	1	0	1	1
AG-894-A06	reference	AG-894-A06_NODE_6	85337	23	AG-894-A06_00739	20677	21324	648	-	1	1	0	1	1
AG-894-A06	reference	AG-894-A06_NODE_6	85337	23	AG-894-A06_00740	21356	21649	294	-	1	1	0	1	1
AG-894-A06	reference	AG-894-A06_NODE_6	85337	23	AG-894-A06_00741	21698	22246	549	+	1	1	0	1	1
AG-894-A06	reference	AG-894-A06_NODE_6	85337	23	AG-894-A06_00742	22243	23187	945	+	1	1	0	1	1
AG-894-A06	reference	AG-894-A06_NODE_6	85337	23	AG-894-A06_00743	23311	23583	273	+	1	1	0	1	1
AG-894-A06	reference	AG-894-A06_NODE_6	85337	23	AG-894-A06_00744	23627	24187	561	+	1	1	0	1	1
AG-894-A06	reference	AG-894-A06_NODE_6	85337	23	AG-894-A06_00745	24184	24576	393	-	1	1	0	1	1
AG-894-A06	reference	AG-894-A06_NODE_6	85337	23	AG-894-A06_00747	24765	25364	600	+	1	1	0	1	1
AG-894-A06	reference	AG-894-A06_NODE_6	85337	23	AG-894-A06_00748	25346	26002	657	+	1	1	0	1	1
AG-894-A06	reference	AG-894-A06_NODE_6	85337	23	AG-894-A06_00749	25999	27045	1047	-	1	1	0	1	1
AG-894-A06	reference	AG-894-A06_NODE_6	85337	23	AG-894-A06_00750	27042	29306	2265	-	1	1	0	1	1
AG-894-A06	reference	AG-894-A06_NODE_6	85337	23	AG-894-A06_00751	29334	29999	666	-	1	1	0	1	1
AG-894-A06	reference	AG-894-A06_NODE_6	85337	23	AG-894-A06_00752	30127	31848	1722	+	1	1	0	1	1
AG-894-A06	reference	AG-894-A06_NODE_6	85337	23	AG-894-A06_00753	31848	32564	717	+	1	1	0	1	1
AG-894-A06	reference	AG-894-A06_NODE_6	85337	23	AG-894-A06_00754	32748	33035	288	-	1	1	0	1	1
AG-894-A06	reference	AG-894-A06_NODE_6	85337	23	AG-894-A06_00755	33041	33319	279	-	1	1	0	1	1
AG-894-A06	reference	AG-894-A06_NODE_6	85337	23	AG-894-A06_00756	33377	35044	1668	+	1	1	0	1	1
AG-894-A06	reference	AG-894-A06_NODE_6	85337	23	AG-894-A06_00757	35038	36183	1146	-	1	1	0	1	1
AG-894-A06	reference	AG-894-A06_NODE_6	85337	23	AG-894-A06_00758	36184	37470	1287	-	1	1	0	1	1
AG-894-A06	reference	AG-894-A06_NODE_6	85337	23	AG-894-A06_00759	37526	37987	462	+	1	1	0	1	1
AG-894-A06	reference	AG-894-A06_NODE_6	85337	23	AG-894-A06_00760	37953	38675	723	+	1	1	0	1	1
AG-894-A06	reference	AG-894-A06_NODE_6	85337	23	AG-894-A06_00766	43999	44652	654	-	1	1	0	1	1
AG-894-A06	reference	AG-894-A06_NODE_6	85337	23	AG-894-A06_00767	44710	45789	1080	+	1	1	0	1	1
AG-894-A06	reference	AG-894-A06_NODE_6	85337	23	AG-894-A06_00768	45791	47899	2109	-	1	1	0	1	1
AG-894-A06	reference	AG-894-A06_NODE_6	85337	23	AG-894-A06_00769	47889	48926	1038	-	1	1	0	1	1
AG-894-A06	reference	AG-894-A06_NODE_6	85337	23	AG-894-A06_00770	48926	49195	270	-	1	1	0	1	1
AG-894-A06	reference	AG-894-A06_NODE_6	85337	23	AG-894-A06_00771	49198	49644	447	-	1	1	0	1	1
AG-894-A06	reference	AG-894-A06_NODE_6	85337	23	AG-894-A06_00772	49673	50563	891	-	1	1	0	1	1
AG-894-A06	reference	AG-894-A06_NODE_6	85337	23	AG-894-A06_00773	50651	52408	1758	+	1	1	0	1	1
AG-894-A06	reference	AG-894-A06_NODE_6	85337	23	AG-894-A06_00774	52440	52841	402	+	1	1	0	1	1
AG-894-A06	reference	AG-894-A06_NODE_6	85337	23	AG-894-A06_00775	52862	55375	2514	+	1	1	0	1	1
AG-894-A06	reference	AG-894-A06_NODE_6	85337	23	AG-894-A06_00776	55377	57503	2127	-	1	1	0	1	1
AG-894-A06	reference	AG-894-A06_NODE_6	85337	23	AG-894-A06_00777	57566	58540	975	+	1	1	0	1	1
AG-894-A06	reference	AG-894-A06_NODE_6	85337	23	AG-894-A06_00778	58533	59333	801	+	1	1	0	1	1
AG-894-A06	reference	AG-894-A06_NODE_6	85337	23	AG-894-A06_00779	59344	60084	741	+	1	1	0	1	1
AG-894-A06	reference	AG-894-A06_NODE_6	85337	23	AG-894-A06_00780	60085	60843	759	-	1	1	0	1	1
AG-894-A06	reference	AG-894-A06_NODE_6	85337	23	AG-894-A06_00781	60912	62516	1605	+	1	1	0	1	1
AG-894-A06	reference	AG-894-A06_NODE_6	85337	23	AG-894-A06_00782	62569	62790	222	+	1	1	0	1	1
AG-894-A06	reference	AG-894-A06_NODE_6	85337	23	AG-894-A06_00783	62846	66205	3360	+	1	1	0	1	1
AG-894-A06	reference	AG-894-A06_NODE_6	85337	23	AG-894-A06_00784	66366	70871	4506	+	1	1	0	1	1
AG-894-A06	reference	AG-894-A06_NODE_6	85337	23	AG-894-A06_00785	70872	72323	1452	+	1	1	0	1	1
AG-894-A06	reference	AG-894-A06_NODE_6	85337	23	AG-894-A06_00786	72339	73460	1122	+	1	1	0	1	1
AG-894-A06	reference	AG-894-A06_NODE_6	85337	23	AG-894-A06_00787	73428	74015	588	-	1	1	0	1	1
AG-894-A06	reference	AG-894-A06_NODE_6	85337	23	AG-894-A06_00788	74008	75399	1392	-	1	1	0	1	1
AG-894-A06	reference	AG-894-A06_NODE_6	85337	23	AG-894-A06_00789	75402	76769	1368	-	1	1	0	1	1
AG-894-A06	reference	AG-894-A06_NODE_6	85337	23	AG-894-A06_00790	76788	77954	1167	-	1	1	0	1	1
AG-894-A06	reference	AG-894-A06_NODE_6	85337	23	AG-894-A06_00791	77989	79101	1113	-	1	1	0	1	1
AG-894-A06	reference	AG-894-A06_NODE_6	85337	23	AG-894-A06_00792	79109	79606	498	-	1	1	0	1	1
AG-894-A06	reference	AG-894-A06_NODE_6	85337	23	AG-894-A06_00793	79661	80575	915	-	1	1	0	1	1
AG-894-A06	reference	AG-894-A06_NODE_6	85337	23	AG-894-A06_00794	80605	81654	1050	+	1	1	0	1	1
AG-894-A06	reference	AG-894-A06_NODE_6	85337	23	AG-894-A06_00795	81656	82045	390	-	1	1	0	1	1
AG-894-A06	reference	AG-894-A06_NODE_6	85337	23	AG-894-A06_00796	82086	82271	186	+	1	1	0	1	1
AG-894-A06	reference	AG-894-A06_NODE_6	85337	23	AG-894-A06_00797	82271	82642	372	+	1	1	0	1	1
AG-894-A06	reference	AG-894-A06_NODE_6	85337	23	AG-894-A06_00798	82644	84242	1599	+	1	1	0	1	1
AG-894-A06	reference	AG-894-A06_NODE_6	85337	23	AG-894-A06_00799	84239	85024	786	-	1	1	0	1	1
AG-894-A06	reference	AG-894-A06_NODE_6	85337	23	AG-894-A06_00800	85024	85293	270	-	1	1	0	1	1
AG-894-A06	reference	AG-894-A06_NODE_7	84980	23	AG-894-A06_00810	6175	6921	747	-	1	1	0	1	1
AG-894-A06	reference	AG-894-A06_NODE_7	84980	23	AG-894-A06_00811	6921	7793	873	-	1	1	0	1	1
AG-894-A06	reference	AG-894-A06_NODE_7	84980	23	AG-894-A06_00812	7815	8378	564	-	1	1	0	1	1
AG-894-A06	reference	AG-894-A06_NODE_7	84980	23	AG-894-A06_00814	9170	10570	1401	-	1	1	0	1	1
AG-894-A06	reference	AG-894-A06_NODE_7	84980	23	AG-894-A06_00815	10570	11577	1008	-	1	1	0	1	1
AG-894-A06	reference	AG-894-A06_NODE_7	84980	23	AG-894-A06_00816	11628	12035	408	+	1	1	0	1	1
AG-894-A06	reference	AG-894-A06_NODE_7	84980	23	AG-894-A06_00817	12032	12364	333	+	1	1	0	1	1
AG-894-A06	reference	AG-894-A06_NODE_7	84980	23	AG-894-A06_00818	12357	13520	1164	-	1	1	0	1	1
AG-894-A06	reference	AG-894-A06_NODE_7	84980	23	AG-894-A06_00819	13566	14594	1029	+	1	1	0	1	1
AG-894-A06	reference	AG-894-A06_NODE_7	84980	23	AG-894-A06_00820	14596	15069	474	-	1	1	0	1	1
AG-894-A06	reference	AG-894-A06_NODE_7	84980	23	AG-894-A06_00821	15278	15643	366	+	1	1	0	1	1
AG-894-A06	reference	AG-894-A06_NODE_7	84980	23	AG-894-A06_00822	15643	16017	375	+	1	1	0	1	1
AG-894-A06	reference	AG-894-A06_NODE_7	84980	23	AG-894-A06_00823	16027	18102	2076	-	1	1	0	1	1
AG-894-A06	reference	AG-894-A06_NODE_7	84980	23	AG-894-A06_00824	18095	19957	1863	-	1	1	0	1	1
AG-894-A06	reference	AG-894-A06_NODE_7	84980	23	AG-894-A06_00825	19971	21062	1092	-	1	1	0	1	1
AG-894-A06	reference	AG-894-A06_NODE_7	84980	23	AG-894-A06_00826	21066	21413	348	-	1	1	0	1	1
AG-894-A06	reference	AG-894-A06_NODE_7	84980	23	AG-894-A06_00827	21527	22597	1071	+	1	1	0	1	1
AG-894-A06	reference	AG-894-A06_NODE_7	84980	23	AG-894-A06_00828	22625	23053	429	+	1	1	0	1	1
AG-894-A06	reference	AG-894-A06_NODE_7	84980	23	AG-894-A06_00829	23058	24008	951	+	1	1	0	1	1
AG-894-A06	reference	AG-894-A06_NODE_7	84980	23	AG-894-A06_00830	24005	24313	309	+	1	1	0	1	1
AG-894-A06	reference	AG-894-A06_NODE_7	84980	23	AG-894-A06_00831	24299	24826	528	-	1	1	0	1	1
AG-894-A06	reference	AG-894-A06_NODE_7	84980	23	AG-894-A06_00832	24865	25530	666	+	1	1	0	1	1
AG-894-A06	reference	AG-894-A06_NODE_7	84980	23	AG-894-A06_00833	25511	26290	780	+	1	1	0	1	1
AG-894-A06	reference	AG-894-A06_NODE_7	84980	23	AG-894-A06_00834	26349	27611	1263	+	1	1	0	1	1
AG-894-A06	reference	AG-894-A06_NODE_7	84980	23	AG-894-A06_00835	27602	28246	645	+	1	1	0	1	1
AG-894-A06	reference	AG-894-A06_NODE_7	84980	23	AG-894-A06_00836	28243	29013	771	-	1	1	0	1	1
AG-894-A06	reference	AG-894-A06_NODE_7	84980	23	AG-894-A06_00837	29024	30505	1482	+	1	1	0	1	1
AG-894-A06	reference	AG-894-A06_NODE_7	84980	23	AG-894-A06_00838	30506	30952	447	-	1	1	0	1	1
AG-894-A06	reference	AG-894-A06_NODE_7	84980	23	AG-894-A06_00839	30976	31623	648	+	1	1	0	1	1
AG-894-A06	reference	AG-894-A06_NODE_7	84980	23	AG-894-A06_00840	31645	34425	2781	+	1	1	0	1	1
AG-894-A06	reference	AG-894-A06_NODE_7	84980	23	AG-894-A06_00841	34426	35886	1461	-	1	1	0	1	1
AG-894-A06	reference	AG-894-A06_NODE_7	84980	23	AG-894-A06_00842	35877	38282	2406	-	1	1	0	1	1
AG-894-A06	reference	AG-894-A06_NODE_7	84980	23	AG-894-A06_00843	38266	38460	195	-	1	1	0	1	1
AG-894-A06	reference	AG-894-A06_NODE_7	84980	23	AG-894-A06_00844	38530	39669	1140	+	1	1	0	1	1
AG-894-A06	reference	AG-894-A06_NODE_7	84980	23	AG-894-A06_00845	39672	41069	1398	+	1	1	0	1	1
AG-894-A06	reference	AG-894-A06_NODE_7	84980	23	AG-894-A06_00846	41070	41564	495	-	1	1	0	1	1
AG-894-A06	reference	AG-894-A06_NODE_7	84980	23	AG-894-A06_00847	41551	42789	1239	-	1	1	0	1	1
AG-894-A06	reference	AG-894-A06_NODE_7	84980	23	AG-894-A06_00848	43137	43640	504	-	1	1	0	1	1
AG-894-A06	reference	AG-894-A06_NODE_7	84980	23	AG-894-A06_00849	43725	43943	219	+	1	1	0	1	1
AG-894-A06	reference	AG-894-A06_NODE_7	84980	23	AG-894-A06_00850	43954	44094	141	+	1	1	0	1	1
AG-894-A06	reference	AG-894-A06_NODE_7	84980	23	AG-894-A06_00851	44107	44271	165	+	1	1	0	1	1
AG-894-A06	reference	AG-894-A06_NODE_7	84980	23	AG-894-A06_00852	44305	44499	195	+	1	1	0	1	1
AG-894-A06	reference	AG-894-A06_NODE_7	84980	23	AG-894-A06_00853	44471	45334	864	-	1	1	0	1	1
AG-894-A06	reference	AG-894-A06_NODE_7	84980	23	AG-894-A06_00854	45402	45863	462	+	1	1	0	1	1
AG-894-A06	reference	AG-894-A06_NODE_7	84980	23	AG-894-A06_00855	45832	46254	423	+	1	1	0	1	1
AG-894-A06	reference	AG-894-A06_NODE_7	84980	23	AG-894-A06_00856	46251	46430	180	+	1	1	0	1	1
AG-894-A06	reference	AG-894-A06_NODE_7	84980	23	AG-894-A06_00857	46435	46635	201	+	1	1	0	1	1
AG-894-A06	reference	AG-894-A06_NODE_7	84980	23	AG-894-A06_00858	46665	47978	1314	-	1	1	0	1	1
AG-894-A06	reference	AG-894-A06_NODE_7	84980	23	AG-894-A06_00859	48014	48643	630	-	1	1	0	1	1
AG-894-A06	reference	AG-894-A06_NODE_7	84980	23	AG-894-A06_00860	48667	50295	1629	-	1	1	0	1	1
AG-894-A06	reference	AG-894-A06_NODE_7	84980	23	AG-894-A06_00861	50317	51093	777	-	1	1	0	1	1
AG-894-A06	reference	AG-894-A06_NODE_7	84980	23	AG-894-A06_00862	51097	51768	672	-	1	1	0	1	1
AG-894-A06	reference	AG-894-A06_NODE_7	84980	23	AG-894-A06_00863	51834	52301	468	+	1	1	0	1	1
AG-894-A06	reference	AG-894-A06_NODE_7	84980	23	AG-894-A06_00864	52349	52780	432	-	1	1	0	1	1
AG-894-A06	reference	AG-894-A06_NODE_7	84980	23	AG-894-A06_00865	52841	53107	267	-	1	1	0	1	1
AG-894-A06	reference	AG-894-A06_NODE_7	84980	23	AG-894-A06_00866	53112	53333	222	-	1	1	0	1	1
AG-894-A06	reference	AG-894-A06_NODE_7	84980	23	AG-894-A06_00867	53410	53817	408	+	1	1	0	1	1
AG-894-A06	reference	AG-894-A06_NODE_7	84980	23	AG-894-A06_00868	53844	54209	366	+	1	1	0	1	1
AG-894-A06	reference	AG-894-A06_NODE_7	84980	23	AG-894-A06_00869	54215	54955	741	-	1	1	0	1	1
AG-894-A06	reference	AG-894-A06_NODE_7	84980	23	AG-894-A06_00870	54977	55429	453	-	1	1	0	1	1
AG-894-A06	reference	AG-894-A06_NODE_7	84980	23	AG-894-A06_00871	55443	56039	597	-	1	1	0	1	1
AG-894-A06	reference	AG-894-A06_NODE_7	84980	23	AG-894-A06_00872	56029	56493	465	-	1	1	0	1	1
AG-894-A06	reference	AG-894-A06_NODE_7	84980	23	AG-894-A06_00873	56494	56667	174	-	1	1	0	1	1
AG-894-A06	reference	AG-894-A06_NODE_7	84980	23	AG-894-A06_00874	56705	57088	384	+	1	1	0	1	1
AG-894-A06	reference	AG-894-A06_NODE_7	84980	23	AG-894-A06_00875	57328	58317	990	-	1	1	0	1	1
AG-894-A06	reference	AG-894-A06_NODE_7	84980	23	AG-894-A06_00876	58335	59540	1206	-	1	1	0	1	1
AG-894-A06	reference	AG-894-A06_NODE_7	84980	23	AG-894-A06_00877	59563	59982	420	-	1	1	0	1	1
AG-894-A06	reference	AG-894-A06_NODE_7	84980	23	AG-894-A06_00878	60063	60890	828	+	1	1	0	1	1
AG-894-A06	reference	AG-894-A06_NODE_7	84980	23	AG-894-A06_00879	60871	60999	129	-	1	1	0	1	1
AG-894-A06	reference	AG-894-A06_NODE_7	84980	23	AG-894-A06_00880	61057	61182	126	+	1	1	0	1	1
AG-894-A06	reference	AG-894-A06_NODE_7	84980	23	AG-894-A06_00881	61192	61563	372	-	1	1	0	1	1
AG-894-A06	reference	AG-894-A06_NODE_7	84980	23	AG-894-A06_00882	61579	63681	2103	-	1	1	0	1	1
AG-894-A06	reference	AG-894-A06_NODE_7	84980	23	AG-894-A06_00883	63693	65819	2127	-	1	1	0	1	1
AG-894-A06	reference	AG-894-A06_NODE_7	84980	23	AG-894-A06_00884	65829	66236	408	-	1	1	0	1	1
AG-894-A06	reference	AG-894-A06_NODE_7	84980	23	AG-894-A06_00885	66233	66787	555	-	1	1	0	1	1
AG-894-A06	reference	AG-894-A06_NODE_7	84980	23	AG-894-A06_00886	66797	66967	171	-	1	1	0	1	1
AG-894-A06	reference	AG-894-A06_NODE_7	84980	23	AG-894-A06_00887	67112	68428	1317	+	1	1	0	1	1
AG-894-A06	reference	AG-894-A06_NODE_7	84980	23	AG-894-A06_00888	68430	68894	465	+	1	1	0	1	1
AG-894-A06	reference	AG-894-A06_NODE_7	84980	23	AG-894-A06_00889	68901	70004	1104	+	1	1	0	1	1
AG-894-A06	reference	AG-894-A06_NODE_7	84980	23	AG-894-A06_00890	70016	71080	1065	+	1	1	0	1	1
AG-894-A06	reference	AG-894-A06_NODE_7	84980	23	AG-894-A06_00891	71091	71483	393	-	1	1	0	1	1
AG-894-A06	reference	AG-894-A06_NODE_7	84980	23	AG-894-A06_00892	71490	72797	1308	-	1	1	0	1	1
AG-894-A06	reference	AG-894-A06_NODE_7	84980	23	AG-894-A06_00893	72799	73725	927	-	1	1	0	1	1
AG-894-A06	reference	AG-894-A06_NODE_7	84980	23	AG-894-A06_00894	73777	73992	216	-	1	1	0	1	1
AG-894-A06	reference	AG-894-A06_NODE_7	84980	23	AG-894-A06_00895	73989	74129	141	-	1	1	0	1	1
AG-894-A06	reference	AG-894-A06_NODE_7	84980	23	AG-894-A06_00896	74154	74375	222	-	1	1	0	1	1
AG-894-A06	reference	AG-894-A06_NODE_7	84980	23	AG-894-A06_00897	74407	75390	984	-	1	1	0	1	1
AG-894-A06	reference	AG-894-A06_NODE_7	84980	23	AG-894-A06_00898	75460	76164	705	-	1	1	0	1	1
AG-894-A06	reference	AG-894-A06_NODE_7	84980	23	AG-894-A06_00899	76183	76302	120	-	1	1	0	1	1
AG-894-A06	reference	AG-894-A06_NODE_7	84980	23	AG-894-A06_00900	76419	76844	426	-	1	1	0	1	1
AG-894-A06	reference	AG-894-A06_NODE_7	84980	23	AG-894-A06_00901	76948	77460	513	+	1	1	0	1	1
AG-894-A06	reference	AG-894-A06_NODE_7	84980	23	AG-894-A06_00902	77462	78436	975	-	1	1	0	1	1
AG-894-A06	reference	AG-894-A06_NODE_7	84980	23	AG-894-A06_00903	78480	79049	570	+	1	1	0	1	1
AG-894-A06	reference	AG-894-A06_NODE_7	84980	23	AG-894-A06_00904	79046	80824	1779	-	1	1	0	1	1
AG-894-A06	reference	AG-894-A06_NODE_7	84980	23	AG-894-A06_00905	80857	81393	537	-	1	1	0	1	1
AG-894-A06	reference	AG-894-A06_NODE_7	84980	23	AG-894-A06_00906	81749	82681	933	+	1	1	0	1	1
AG-894-A06	reference	AG-894-A06_NODE_7	84980	23	AG-894-A06_00907	82708	83223	516	+	1	1	0	1	1
AG-894-A06	reference	AG-894-A06_NODE_7	84980	23	AG-894-A06_00908	83252	84031	780	-	1	1	0	1	1
AG-894-A06	reference	AG-894-A06_NODE_7	84980	23	AG-894-A06_00909	84240	84389	150	-	1	1	0	1	1
AG-894-A06	reference	AG-894-A06_NODE_8	84506	23	AG-894-A06_00910	64	300	237	+	1	1	0	1	1
AG-894-A06	reference	AG-894-A06_NODE_8	84506	23	AG-894-A06_00911	381	782	402	-	1	1	0	1	1
AG-894-A06	reference	AG-894-A06_NODE_8	84506	23	AG-894-A06_00912	802	1068	267	-	1	1	0	1	1
AG-894-A06	reference	AG-894-A06_NODE_8	84506	23	AG-894-A06_00913	1075	1899	825	-	1	1	0	1	1
AG-894-A06	reference	AG-894-A06_NODE_8	84506	23	AG-894-A06_00914	1902	2192	291	-	1	1	0	1	1
AG-894-A06	reference	AG-894-A06_NODE_8	84506	23	AG-894-A06_00915	2201	2827	627	-	1	1	0	1	1
AG-894-A06	reference	AG-894-A06_NODE_8	84506	23	AG-894-A06_00916	2827	3441	615	-	1	1	0	1	1
AG-894-A06	reference	AG-894-A06_NODE_8	84506	23	AG-894-A06_00917	3447	3752	306	-	1	1	0	1	1
AG-894-A06	reference	AG-894-A06_NODE_8	84506	23	AG-894-A06_00918	3762	5891	2130	-	1	1	0	1	1
AG-894-A06	reference	AG-894-A06_NODE_8	84506	23	AG-894-A06_00919	5901	6377	477	-	1	1	0	1	1
AG-894-A06	reference	AG-894-A06_NODE_8	84506	23	AG-894-A06_00920	6386	6760	375	-	1	1	0	1	1
AG-894-A06	reference	AG-894-A06_NODE_8	84506	23	AG-894-A06_00921	6864	8057	1194	-	1	1	0	1	1
AG-894-A06	reference	AG-894-A06_NODE_8	84506	23	AG-894-A06_00922	8063	9850	1788	-	1	1	0	1	1
AG-894-A06	reference	AG-894-A06_NODE_8	84506	23	AG-894-A06_00923	9853	11466	1614	-	1	1	0	1	1
AG-894-A06	reference	AG-894-A06_NODE_8	84506	23	AG-894-A06_00924	11524	12912	1389	-	1	1	0	1	1
AG-894-A06	reference	AG-894-A06_NODE_8	84506	23	AG-894-A06_00925	12913	13425	513	-	1	1	0	1	1
AG-894-A06	reference	AG-894-A06_NODE_8	84506	23	AG-894-A06_00926	13433	14962	1530	-	1	1	0	1	1
AG-894-A06	reference	AG-894-A06_NODE_8	84506	23	AG-894-A06_00927	14984	16591	1608	-	1	1	0	1	1
AG-894-A06	reference	AG-894-A06_NODE_8	84506	23	AG-894-A06_00928	16665	19784	3120	+	1	1	0	1	1
AG-894-A06	reference	AG-894-A06_NODE_8	84506	23	AG-894-A06_00929	19781	20062	282	-	1	1	0	1	1
AG-894-A06	reference	AG-894-A06_NODE_8	84506	23	AG-894-A06_00930	20064	20246	183	-	1	1	0	1	1
AG-894-A06	reference	AG-894-A06_NODE_8	84506	23	AG-894-A06_00931	20249	20485	237	-	1	1	0	1	1
AG-894-A06	reference	AG-894-A06_NODE_8	84506	23	AG-894-A06_00932	20547	21014	468	-	1	1	0	1	1
AG-894-A06	reference	AG-894-A06_NODE_8	84506	23	AG-894-A06_00933	21016	21627	612	-	1	1	0	1	1
AG-894-A06	reference	AG-894-A06_NODE_8	84506	23	AG-894-A06_00934	21629	22399	771	-	1	1	0	1	1
AG-894-A06	reference	AG-894-A06_NODE_8	84506	23	AG-894-A06_00935	22401	23759	1359	-	1	1	0	1	1
AG-894-A06	reference	AG-894-A06_NODE_8	84506	23	AG-894-A06_00936	23795	24415	621	-	1	1	0	1	1
AG-894-A06	reference	AG-894-A06_NODE_8	84506	23	AG-894-A06_00937	24466	25920	1455	+	1	1	0	1	1
AG-894-A06	reference	AG-894-A06_NODE_8	84506	23	AG-894-A06_00938	25983	27848	1866	+	1	1	0	1	1
AG-894-A06	reference	AG-894-A06_NODE_8	84506	23	AG-894-A06_00939	27837	28592	756	-	1	1	0	1	1
AG-894-A06	reference	AG-894-A06_NODE_8	84506	23	AG-894-A06_00940	28688	30880	2193	+	1	1	0	1	1
AG-894-A06	reference	AG-894-A06_NODE_8	84506	23	AG-894-A06_00941	30882	31568	687	+	1	1	0	1	1
AG-894-A06	reference	AG-894-A06_NODE_8	84506	23	AG-894-A06_00942	31565	31972	408	-	1	1	0	1	1
AG-894-A06	reference	AG-894-A06_NODE_8	84506	23	AG-894-A06_00943	31969	32487	519	-	1	1	0	1	1
AG-894-A06	reference	AG-894-A06_NODE_8	84506	23	AG-894-A06_00944	32497	36795	4299	-	1	1	0	1	1
AG-894-A06	reference	AG-894-A06_NODE_8	84506	23	AG-894-A06_00945	36811	40620	3810	-	1	1	0	1	1
AG-894-A06	reference	AG-894-A06_NODE_8	84506	23	AG-894-A06_00946	40698	41081	384	-	1	1	0	1	1
AG-894-A06	reference	AG-894-A06_NODE_8	84506	23	AG-894-A06_00947	41123	41782	660	-	1	1	0	1	1
AG-894-A06	reference	AG-894-A06_NODE_8	84506	23	AG-894-A06_00948	41791	42480	690	-	1	1	0	1	1
AG-894-A06	reference	AG-894-A06_NODE_8	84506	23	AG-894-A06_00949	42483	42926	444	-	1	1	0	1	1
AG-894-A06	reference	AG-894-A06_NODE_8	84506	23	AG-894-A06_00950	42929	43480	552	-	1	1	0	1	1
AG-894-A06	reference	AG-894-A06_NODE_8	84506	23	AG-894-A06_00952	43830	45017	1188	-	1	1	0	1	1
AG-894-A06	reference	AG-894-A06_NODE_8	84506	23	AG-894-A06_00953	45154	46221	1068	+	1	1	0	1	1
AG-894-A06	reference	AG-894-A06_NODE_8	84506	23	AG-894-A06_00954	46218	46595	378	+	1	1	0	1	1
AG-894-A06	reference	AG-894-A06_NODE_8	84506	23	AG-894-A06_00955	46643	46999	357	+	1	1	0	1	1
AG-894-A06	reference	AG-894-A06_NODE_8	84506	23	AG-894-A06_00957	47186	48766	1581	+	1	1	0	1	1
AG-894-A06	reference	AG-894-A06_NODE_8	84506	23	AG-894-A06_00958	48768	49796	1029	-	1	1	0	1	1
AG-894-A06	reference	AG-894-A06_NODE_8	84506	23	AG-894-A06_00959	49837	50634	798	+	1	1	0	1	1
AG-894-A06	reference	AG-894-A06_NODE_8	84506	23	AG-894-A06_00960	50631	51410	780	-	1	1	0	1	1
AG-894-A06	reference	AG-894-A06_NODE_8	84506	23	AG-894-A06_00961	51407	51718	312	-	1	1	0	1	1
AG-894-A06	reference	AG-894-A06_NODE_8	84506	23	AG-894-A06_00962	51964	53652	1689	+	1	1	0	1	1
AG-894-A06	reference	AG-894-A06_NODE_8	84506	23	AG-894-A06_00963	53660	54934	1275	-	1	1	0	1	1
AG-894-A06	reference	AG-894-A06_NODE_8	84506	23	AG-894-A06_00964	54967	56280	1314	-	1	1	0	1	1
AG-894-A06	reference	AG-894-A06_NODE_8	84506	23	AG-894-A06_00965	56346	57626	1281	-	1	1	0	1	1
AG-894-A06	reference	AG-894-A06_NODE_8	84506	23	AG-894-A06_00966	57628	58686	1059	-	1	1	0	1	1
AG-894-A06	reference	AG-894-A06_NODE_8	84506	23	AG-894-A06_00967	58688	59461	774	-	1	1	0	1	1
AG-894-A06	reference	AG-894-A06_NODE_8	84506	23	AG-894-A06_00968	59454	60401	948	-	1	1	0	1	1
AG-894-A06	reference	AG-894-A06_NODE_8	84506	23	AG-894-A06_00969	60398	61522	1125	-	1	1	0	1	1
AG-894-A06	reference	AG-894-A06_NODE_8	84506	23	AG-894-A06_00970	61524	62495	972	-	1	1	0	1	1
AG-894-A06	reference	AG-894-A06_NODE_8	84506	23	AG-894-A06_00971	62498	63682	1185	-	1	1	0	1	1
AG-894-A06	reference	AG-894-A06_NODE_8	84506	23	AG-894-A06_00972	63685	64206	522	-	1	1	0	1	1
AG-894-A06	reference	AG-894-A06_NODE_8	84506	23	AG-894-A06_00974	64624	64818	195	+	1	1	0	1	1
AG-894-A06	reference	AG-894-A06_NODE_8	84506	23	AG-894-A06_00979	65237	66124	888	-	1	1	0	1	1
AG-894-A06	reference	AG-894-A06_NODE_8	84506	23	AG-894-A06_00980	66165	66359	195	-	1	1	0	1	1
AG-894-A06	reference	AG-894-A06_NODE_8	84506	23	AG-894-A06_00981	66409	67908	1500	-	1	1	0	1	1
AG-894-A06	reference	AG-894-A06_NODE_8	84506	23	AG-894-A06_00982	68059	68367	309	-	1	1	0	1	1
AG-894-A06	reference	AG-894-A06_NODE_8	84506	23	AG-894-A06_00983	68476	68649	174	+	1	1	0	1	1
AG-894-A06	reference	AG-894-A06_NODE_8	84506	23	AG-894-A06_00984	68651	68878	228	+	1	1	0	1	1
AG-894-A06	reference	AG-894-A06_NODE_8	84506	23	AG-894-A06_00985	68982	70385	1404	+	1	1	0	1	1
AG-894-A06	reference	AG-894-A06_NODE_8	84506	23	AG-894-A06_00986	70382	70948	567	+	1	1	0	1	1
AG-894-A06	reference	AG-894-A06_NODE_8	84506	23	AG-894-A06_00987	70945	71937	993	+	1	1	0	1	1
AG-894-A06	reference	AG-894-A06_NODE_8	84506	23	AG-894-A06_00988	71934	72725	792	+	1	1	0	1	1
AG-894-A06	reference	AG-894-A06_NODE_8	84506	23	AG-894-A06_00989	72715	73344	630	+	1	1	0	1	1
AG-894-A06	reference	AG-894-A06_NODE_8	84506	23	AG-894-A06_00990	73325	74506	1182	+	1	1	0	1	1
AG-894-A06	reference	AG-894-A06_NODE_8	84506	23	AG-894-A06_00991	74506	75267	762	+	1	1	0	1	1
AG-894-A06	reference	AG-894-A06_NODE_8	84506	23	AG-894-A06_00992	75270	75974	705	+	1	1	0	1	1
AG-894-A06	reference	AG-894-A06_NODE_8	84506	23	AG-894-A06_00993	75991	77331	1341	-	1	1	0	1	1
AG-894-A06	reference	AG-894-A06_NODE_8	84506	23	AG-894-A06_00994	77332	77814	483	-	1	1	0	1	1
AG-894-A06	reference	AG-894-A06_NODE_8	84506	23	AG-894-A06_00995	77820	78704	885	-	1	1	0	1	1
AG-894-A06	reference	AG-894-A06_NODE_8	84506	23	AG-894-A06_00996	78704	79777	1074	-	1	1	0	1	1
AG-894-A06	reference	AG-894-A06_NODE_8	84506	23	AG-894-A06_00997	79874	80977	1104	+	1	1	0	1	1
AG-894-A06	reference	AG-894-A06_NODE_8	84506	23	AG-894-A06_00998	80977	82437	1461	+	1	1	0	1	1
AG-894-A06	reference	AG-894-A06_NODE_8	84506	23	AG-894-A06_00999	82434	83486	1053	-	1	1	0	1	1
AG-894-A06	reference	AG-894-A06_NODE_8	84506	23	AG-894-A06_01000	83483	83725	243	-	1	1	0	1	1
AG-894-A06	reference	AG-894-A06_NODE_8	84506	23	AG-894-A06_01001	83725	84417	693	-	1	1	0	1	1
AG-894-A06	reference	AG-894-A06_NODE_9	39963	23	AG-894-A06_01002	2081	3061	981	-	1	1	0	1	1
AG-894-A06	reference	AG-894-A06_NODE_9	39963	23	AG-894-A06_01003	3071	4081	1011	-	1	1	0	1	1
AG-894-A06	reference	AG-894-A06_NODE_9	39963	23	AG-894-A06_01004	4074	5084	1011	-	1	1	0	1	1
AG-894-A06	reference	AG-894-A06_NODE_9	39963	23	AG-894-A06_01005	5173	5595	423	+	1	1	0	1	1
AG-894-A06	reference	AG-894-A06_NODE_9	39963	23	AG-894-A06_01006	5588	5881	294	-	1	1	0	1	1
AG-894-A06	reference	AG-894-A06_NODE_9	39963	23	AG-894-A06_01007	5874	6974	1101	-	1	1	0	1	1
AG-894-A06	reference	AG-894-A06_NODE_9	39963	23	AG-894-A06_01008	7023	7784	762	+	1	1	0	1	1
AG-894-A06	reference	AG-894-A06_NODE_9	39963	23	AG-894-A06_01009	7786	8271	486	+	1	1	0	1	1
AG-894-A06	reference	AG-894-A06_NODE_9	39963	23	AG-894-A06_01010	8276	8551	276	+	1	1	0	1	1
AG-894-A06	reference	AG-894-A06_NODE_9	39963	23	AG-894-A06_01011	8551	10299	1749	+	1	1	0	1	1
AG-894-A06	reference	AG-894-A06_NODE_9	39963	23	AG-894-A06_01012	10299	11036	738	+	1	1	0	1	1
AG-894-A06	reference	AG-894-A06_NODE_9	39963	23	AG-894-A06_01013	11027	11827	801	+	1	1	0	1	1
AG-894-A06	reference	AG-894-A06_NODE_9	39963	23	AG-894-A06_01014	11824	13515	1692	-	1	1	0	1	1
AG-894-A06	reference	AG-894-A06_NODE_9	39963	23	AG-894-A06_01015	13517	14053	537	-	1	1	0	1	1
AG-894-A06	reference	AG-894-A06_NODE_9	39963	23	AG-894-A06_01016	14071	14943	873	-	1	1	0	1	1
AG-894-A06	reference	AG-894-A06_NODE_9	39963	23	AG-894-A06_01017	14945	15706	762	-	1	1	0	1	1
AG-894-A06	reference	AG-894-A06_NODE_9	39963	23	AG-894-A06_01018	15710	16027	318	-	1	1	0	1	1
AG-894-A06	reference	AG-894-A06_NODE_9	39963	23	AG-894-A06_01019	16027	17205	1179	-	1	1	0	1	1
AG-894-A06	reference	AG-894-A06_NODE_9	39963	23	AG-894-A06_01020	17252	18319	1068	-	1	1	0	1	1
AG-894-A06	reference	AG-894-A06_NODE_9	39963	23	AG-894-A06_01022	18523	19011	489	-	1	1	0	1	1
AG-894-A06	reference	AG-894-A06_NODE_9	39963	23	AG-894-A06_01023	19355	19540	186	+	1	1	0	1	1
AG-894-A06	reference	AG-894-A06_NODE_9	39963	23	AG-894-A06_01025	19726	20658	933	-	1	1	0	1	1
AG-894-A06	reference	AG-894-A06_NODE_9	39963	23	AG-894-A06_01026	20774	21481	708	+	1	1	0	1	1
AG-894-A06	reference	AG-894-A06_NODE_9	39963	23	AG-894-A06_01027	21492	22025	534	-	1	1	0	1	1
AG-894-A06	reference	AG-894-A06_NODE_9	39963	23	AG-894-A06_01028	22048	23073	1026	+	1	1	0	1	1
AG-894-A06	reference	AG-894-A06_NODE_9	39963	23	AG-894-A06_01029	23106	24536	1431	+	1	1	0	1	1
AG-894-A06	reference	AG-894-A06_NODE_9	39963	23	AG-894-A06_01030	24533	25840	1308	-	1	1	0	1	1
AG-894-A06	reference	AG-894-A06_NODE_9	39963	23	AG-894-A06_01033	27959	28444	486	+	1	1	0	1	1
AG-894-A06	reference	AG-894-A06_NODE_9	39963	23	AG-894-A06_01034	28534	29076	543	+	1	1	0	1	1
AG-894-A06	reference	AG-894-A06_NODE_9	39963	23	AG-894-A06_01035	29096	29608	513	+	1	1	0	1	1
AG-894-A06	reference	AG-894-A06_NODE_9	39963	23	AG-894-A06_01036	29661	30446	786	-	1	1	0	1	1
AG-894-A06	reference	AG-894-A06_NODE_9	39963	23	AG-894-A06_01037	30466	31416	951	-	1	1	0	1	1
AG-894-A06	reference	AG-894-A06_NODE_9	39963	23	AG-894-A06_01038	31470	32870	1401	+	1	1	0	1	1
AG-894-A06	reference	AG-894-A06_NODE_9	39963	23	AG-894-A06_01039	32870	33949	1080	+	1	1	0	1	1
AG-894-A06	reference	AG-894-A06_NODE_9	39963	23	AG-894-A06_01040	33957	34763	807	+	1	1	0	1	1
AG-894-A06	reference	AG-894-A06_NODE_9	39963	23	AG-894-A06_01041	34825	35484	660	+	1	1	0	1	1
AG-894-A06	reference	AG-894-A06_NODE_9	39963	23	AG-894-A06_01042	35506	35688	183	+	1	1	0	1	1
AG-894-A06	reference	AG-894-A06_NODE_9	39963	23	AG-894-A06_01043	35707	36084	378	+	1	1	0	1	1
AG-894-A06	reference	AG-894-A06_NODE_9	39963	23	AG-894-A06_01044	36099	36857	759	+	1	1	0	1	1
AG-894-A06	reference	AG-894-A06_NODE_9	39963	23	AG-894-A06_01045	37361	37720	360	-	1	1	0	1	1
AG-894-A06	reference	AG-894-A06_NODE_9	39963	23	AG-894-A06_01047	37851	38789	939	+	1	1	0	1	1
AG-894-A06	reference	AG-894-A06_NODE_9	39963	23	AG-894-A06_01048	38793	39797	1005	-	1	1	0	1	1
