genome	role	contig	contig_len	n_contigs	gene	gene_start	gene_end	gene_len	strand	mapped	mapped_pairs	mapped_as_query	mapped_as_reference	mapped_refs
AG-903-C11	query	AG-903-C11_NODE_1	239225	41	AG-903-C11_00001	449	1225	777	+	1	1	1	0	1
AG-903-C11	query	AG-903-C11_NODE_1	239225	41	AG-903-C11_00002	1233	2558	1326	+	1	1	1	0	1
AG-903-C11	query	AG-903-C11_NODE_1	239225	41	AG-903-C11_00003	2555	3220	666	+	1	1	1	0	1
AG-903-C11	query	AG-903-C11_NODE_1	239225	41	AG-903-C11_00004	3207	4940	1734	+	1	1	1	0	1
AG-903-C11	query	AG-903-C11_NODE_1	239225	41	AG-903-C11_00005	4945	5235	291	+	1	1	1	0	1
AG-903-C11	query	AG-903-C11_NODE_1	239225	41	AG-903-C11_00006	5225	5896	672	+	1	1	1	0	1
AG-903-C11	query	AG-903-C11_NODE_1	239225	41	AG-903-C11_00007	5893	6510	618	+	1	1	1	0	1
AG-903-C11	query	AG-903-C11_NODE_1	239225	41	AG-903-C11_00008	6507	7751	1245	+	1	1	1	0	1
AG-903-C11	query	AG-903-C11_NODE_1	239225	41	AG-903-C11_00009	7735	8535	801	+	1	1	1	0	1
AG-903-C11	query	AG-903-C11_NODE_1	239225	41	AG-903-C11_00010	8532	9464	933	+	1	1	1	0	1
AG-903-C11	query	AG-903-C11_NODE_1	239225	41	AG-903-C11_00011	9418	10683	1266	+	1	1	1	0	1
AG-903-C11	query	AG-903-C11_NODE_1	239225	41	AG-903-C11_00012	10680	11000	321	-	1	1	1	0	1
AG-903-C11	query	AG-903-C11_NODE_1	239225	41	AG-903-C11_00013	11067	12500	1434	-	1	1	1	0	1
AG-903-C11	query	AG-903-C11_NODE_1	239225	41	AG-903-C11_00014	12623	13309	687	-	1	1	1	0	1
AG-903-C11	query	AG-903-C11_NODE_1	239225	41	AG-903-C11_00015	13334	14431	1098	-	1	1	1	0	1
AG-903-C11	query	AG-903-C11_NODE_1	239225	41	AG-903-C11_00016	14462	15145	684	-	1	1	1	0	1
AG-903-C11	query	AG-903-C11_NODE_1	239225	41	AG-903-C11_00017	15142	16194	1053	-	1	1	1	0	1
AG-903-C11	query	AG-903-C11_NODE_1	239225	41	AG-903-C11_00018	16172	17602	1431	-	1	1	1	0	1
AG-903-C11	query	AG-903-C11_NODE_1	239225	41	AG-903-C11_00020	17928	18140	213	-	1	1	1	0	1
AG-903-C11	query	AG-903-C11_NODE_1	239225	41	AG-903-C11_00022	18334	18549	216	-	1	1	1	0	1
AG-903-C11	query	AG-903-C11_NODE_1	239225	41	AG-903-C11_00023	18554	19816	1263	-	1	1	1	0	1
AG-903-C11	query	AG-903-C11_NODE_1	239225	41	AG-903-C11_00024	19800	20201	402	-	1	1	1	0	1
AG-903-C11	query	AG-903-C11_NODE_1	239225	41	AG-903-C11_00025	20201	21463	1263	-	1	1	1	0	1
AG-903-C11	query	AG-903-C11_NODE_1	239225	41	AG-903-C11_00026	21465	22019	555	-	1	1	1	0	1
AG-903-C11	query	AG-903-C11_NODE_1	239225	41	AG-903-C11_00027	22127	22324	198	-	1	1	1	0	1
AG-903-C11	query	AG-903-C11_NODE_1	239225	41	AG-903-C11_00029	22495	23211	717	-	1	1	1	0	1
AG-903-C11	query	AG-903-C11_NODE_1	239225	41	AG-903-C11_00030	23296	23430	135	+	1	1	1	0	1
AG-903-C11	query	AG-903-C11_NODE_1	239225	41	AG-903-C11_00031	23430	23771	342	+	1	1	1	0	1
AG-903-C11	query	AG-903-C11_NODE_1	239225	41	AG-903-C11_00032	23774	24013	240	+	1	1	1	0	1
AG-903-C11	query	AG-903-C11_NODE_1	239225	41	AG-903-C11_00033	24013	25695	1683	+	1	1	1	0	1
AG-903-C11	query	AG-903-C11_NODE_1	239225	41	AG-903-C11_00034	25699	26547	849	+	1	1	1	0	1
AG-903-C11	query	AG-903-C11_NODE_1	239225	41	AG-903-C11_00035	26544	27215	672	+	1	1	1	0	1
AG-903-C11	query	AG-903-C11_NODE_1	239225	41	AG-903-C11_00036	27220	28047	828	+	1	1	1	0	1
AG-903-C11	query	AG-903-C11_NODE_1	239225	41	AG-903-C11_00037	28052	29194	1143	+	1	1	1	0	1
AG-903-C11	query	AG-903-C11_NODE_1	239225	41	AG-903-C11_00038	29191	30120	930	+	1	1	1	0	1
AG-903-C11	query	AG-903-C11_NODE_1	239225	41	AG-903-C11_00039	30123	30584	462	+	1	1	1	0	1
AG-903-C11	query	AG-903-C11_NODE_1	239225	41	AG-903-C11_00040	30574	31314	741	-	1	1	1	0	1
AG-903-C11	query	AG-903-C11_NODE_1	239225	41	AG-903-C11_00041	31307	32221	915	-	1	1	1	0	1
AG-903-C11	query	AG-903-C11_NODE_1	239225	41	AG-903-C11_00042	32222	32743	522	-	1	1	1	0	1
AG-903-C11	query	AG-903-C11_NODE_1	239225	41	AG-903-C11_00043	32758	34497	1740	-	1	1	1	0	1
AG-903-C11	query	AG-903-C11_NODE_1	239225	41	AG-903-C11_00044	34472	34612	141	-	1	1	1	0	1
AG-903-C11	query	AG-903-C11_NODE_1	239225	41	AG-903-C11_00045	34709	35233	525	+	1	1	1	0	1
AG-903-C11	query	AG-903-C11_NODE_1	239225	41	AG-903-C11_00046	35208	36323	1116	+	1	1	1	0	1
AG-903-C11	query	AG-903-C11_NODE_1	239225	41	AG-903-C11_00047	36303	36563	261	-	1	1	1	0	1
AG-903-C11	query	AG-903-C11_NODE_1	239225	41	AG-903-C11_00048	36584	37111	528	+	1	1	1	0	1
AG-903-C11	query	AG-903-C11_NODE_1	239225	41	AG-903-C11_00049	37101	38075	975	+	1	1	1	0	1
AG-903-C11	query	AG-903-C11_NODE_1	239225	41	AG-903-C11_00050	38027	39865	1839	+	1	1	1	0	1
AG-903-C11	query	AG-903-C11_NODE_1	239225	41	AG-903-C11_00051	39857	41137	1281	-	1	1	1	0	1
AG-903-C11	query	AG-903-C11_NODE_1	239225	41	AG-903-C11_00052	41138	43195	2058	-	1	1	1	0	1
AG-903-C11	query	AG-903-C11_NODE_1	239225	41	AG-903-C11_00054	43463	44584	1122	-	1	1	1	0	1
AG-903-C11	query	AG-903-C11_NODE_1	239225	41	AG-903-C11_00055	44655	44825	171	+	1	1	1	0	1
AG-903-C11	query	AG-903-C11_NODE_1	239225	41	AG-903-C11_00056	45103	45273	171	-	1	1	1	0	1
AG-903-C11	query	AG-903-C11_NODE_1	239225	41	AG-903-C11_00057	45276	47684	2409	-	1	1	1	0	1
AG-903-C11	query	AG-903-C11_NODE_1	239225	41	AG-903-C11_00058	47681	48748	1068	-	1	1	1	0	1
AG-903-C11	query	AG-903-C11_NODE_1	239225	41	AG-903-C11_00059	48792	49148	357	-	1	1	1	0	1
AG-903-C11	query	AG-903-C11_NODE_1	239225	41	AG-903-C11_00060	49150	49356	207	-	1	1	1	0	1
AG-903-C11	query	AG-903-C11_NODE_1	239225	41	AG-903-C11_00061	49409	49954	546	-	1	1	1	0	1
AG-903-C11	query	AG-903-C11_NODE_1	239225	41	AG-903-C11_00062	49955	51874	1920	-	1	1	1	0	1
AG-903-C11	query	AG-903-C11_NODE_1	239225	41	AG-903-C11_00063	51874	53028	1155	-	1	1	1	0	1
AG-903-C11	query	AG-903-C11_NODE_1	239225	41	AG-903-C11_00064	53071	53832	762	+	1	1	1	0	1
AG-903-C11	query	AG-903-C11_NODE_1	239225	41	AG-903-C11_00065	53825	58321	4497	-	1	1	1	0	1
AG-903-C11	query	AG-903-C11_NODE_1	239225	41	AG-903-C11_00066	58321	59754	1434	-	1	1	1	0	1
AG-903-C11	query	AG-903-C11_NODE_1	239225	41	AG-903-C11_00067	59870	60700	831	+	1	1	1	0	1
AG-903-C11	query	AG-903-C11_NODE_1	239225	41	AG-903-C11_00068	60683	61582	900	-	1	1	1	0	1
AG-903-C11	query	AG-903-C11_NODE_1	239225	41	AG-903-C11_00069	61597	62694	1098	-	1	1	1	0	1
AG-903-C11	query	AG-903-C11_NODE_1	239225	41	AG-903-C11_00070	62691	63956	1266	-	1	1	1	0	1
AG-903-C11	query	AG-903-C11_NODE_1	239225	41	AG-903-C11_00071	63956	67024	3069	-	1	1	1	0	1
AG-903-C11	query	AG-903-C11_NODE_1	239225	41	AG-903-C11_00073	67309	67728	420	+	1	1	1	0	1
AG-903-C11	query	AG-903-C11_NODE_1	239225	41	AG-903-C11_00074	67725	70046	2322	-	1	1	1	0	1
AG-903-C11	query	AG-903-C11_NODE_1	239225	41	AG-903-C11_00075	70114	71121	1008	-	1	1	1	0	1
AG-903-C11	query	AG-903-C11_NODE_1	239225	41	AG-903-C11_00076	71230	72453	1224	-	1	1	1	0	1
AG-903-C11	query	AG-903-C11_NODE_1	239225	41	AG-903-C11_00077	72453	74408	1956	-	1	1	1	0	1
AG-903-C11	query	AG-903-C11_NODE_1	239225	41	AG-903-C11_00078	74571	77051	2481	+	1	1	1	0	1
AG-903-C11	query	AG-903-C11_NODE_1	239225	41	AG-903-C11_00079	77051	77476	426	+	1	1	1	0	1
AG-903-C11	query	AG-903-C11_NODE_1	239225	41	AG-903-C11_00080	77473	77799	327	+	1	1	1	0	1
AG-903-C11	query	AG-903-C11_NODE_1	239225	41	AG-903-C11_00081	77756	78619	864	+	1	1	1	0	1
AG-903-C11	query	AG-903-C11_NODE_1	239225	41	AG-903-C11_00082	78946	80652	1707	-	1	1	1	0	1
AG-903-C11	query	AG-903-C11_NODE_1	239225	41	AG-903-C11_00084	80813	81421	609	+	1	1	1	0	1
AG-903-C11	query	AG-903-C11_NODE_1	239225	41	AG-903-C11_00085	81423	81896	474	+	1	1	1	0	1
AG-903-C11	query	AG-903-C11_NODE_1	239225	41	AG-903-C11_00086	81883	82416	534	+	1	1	1	0	1
AG-903-C11	query	AG-903-C11_NODE_1	239225	41	AG-903-C11_00087	82413	82985	573	-	1	1	1	0	1
AG-903-C11	query	AG-903-C11_NODE_1	239225	41	AG-903-C11_00088	83045	83701	657	-	1	1	1	0	1
AG-903-C11	query	AG-903-C11_NODE_1	239225	41	AG-903-C11_00089	83751	83951	201	+	1	1	1	0	1
AG-903-C11	query	AG-903-C11_NODE_1	239225	41	AG-903-C11_00090	83948	84478	531	-	1	1	1	0	1
AG-903-C11	query	AG-903-C11_NODE_1	239225	41	AG-903-C11_00091	84498	85886	1389	+	1	1	1	0	1
AG-903-C11	query	AG-903-C11_NODE_1	239225	41	AG-903-C11_00092	85879	85995	117	+	1	1	1	0	1
AG-903-C11	query	AG-903-C11_NODE_1	239225	41	AG-903-C11_00093	85992	87206	1215	+	1	1	1	0	1
AG-903-C11	query	AG-903-C11_NODE_1	239225	41	AG-903-C11_00094	87220	87918	699	+	1	1	1	0	1
AG-903-C11	query	AG-903-C11_NODE_1	239225	41	AG-903-C11_00095	87915	89027	1113	-	1	1	1	0	1
AG-903-C11	query	AG-903-C11_NODE_1	239225	41	AG-903-C11_00096	89017	90426	1410	-	1	1	1	0	1
AG-903-C11	query	AG-903-C11_NODE_1	239225	41	AG-903-C11_00097	90670	90993	324	-	1	1	1	0	1
AG-903-C11	query	AG-903-C11_NODE_1	239225	41	AG-903-C11_00098	90981	91844	864	-	1	1	1	0	1
AG-903-C11	query	AG-903-C11_NODE_1	239225	41	AG-903-C11_00099	91877	92584	708	+	1	1	1	0	1
AG-903-C11	query	AG-903-C11_NODE_1	239225	41	AG-903-C11_00100	92581	94149	1569	+	1	1	1	0	1
AG-903-C11	query	AG-903-C11_NODE_1	239225	41	AG-903-C11_00101	94158	95357	1200	+	1	1	1	0	1
AG-903-C11	query	AG-903-C11_NODE_1	239225	41	AG-903-C11_00102	95362	95799	438	+	1	1	1	0	1
AG-903-C11	query	AG-903-C11_NODE_1	239225	41	AG-903-C11_00103	95796	96548	753	+	1	1	1	0	1
AG-903-C11	query	AG-903-C11_NODE_1	239225	41	AG-903-C11_00104	96539	96985	447	+	1	1	1	0	1
AG-903-C11	query	AG-903-C11_NODE_1	239225	41	AG-903-C11_00105	97012	97191	180	-	1	1	1	0	1
AG-903-C11	query	AG-903-C11_NODE_1	239225	41	AG-903-C11_00106	97336	97578	243	-	1	1	1	0	1
AG-903-C11	query	AG-903-C11_NODE_1	239225	41	AG-903-C11_00107	97578	98174	597	-	1	1	1	0	1
AG-903-C11	query	AG-903-C11_NODE_1	239225	41	AG-903-C11_00108	98194	100431	2238	-	1	1	1	0	1
AG-903-C11	query	AG-903-C11_NODE_1	239225	41	AG-903-C11_00109	100537	100947	411	-	1	1	1	0	1
AG-903-C11	query	AG-903-C11_NODE_1	239225	41	AG-903-C11_00110	101021	101521	501	+	1	1	1	0	1
AG-903-C11	query	AG-903-C11_NODE_1	239225	41	AG-903-C11_00111	101521	102732	1212	+	1	1	1	0	1
AG-903-C11	query	AG-903-C11_NODE_1	239225	41	AG-903-C11_00112	102737	103522	786	+	1	1	1	0	1
AG-903-C11	query	AG-903-C11_NODE_1	239225	41	AG-903-C11_00113	103547	103936	390	+	1	1	1	0	1
AG-903-C11	query	AG-903-C11_NODE_1	239225	41	AG-903-C11_00114	103933	104085	153	-	1	1	1	0	1
AG-903-C11	query	AG-903-C11_NODE_1	239225	41	AG-903-C11_00115	104113	104475	363	-	1	1	1	0	1
AG-903-C11	query	AG-903-C11_NODE_1	239225	41	AG-903-C11_00116	104491	106563	2073	-	1	1	1	0	1
AG-903-C11	query	AG-903-C11_NODE_1	239225	41	AG-903-C11_00117	106564	106812	249	-	1	1	1	0	1
AG-903-C11	query	AG-903-C11_NODE_1	239225	41	AG-903-C11_00118	106822	107187	366	-	1	1	1	0	1
AG-903-C11	query	AG-903-C11_NODE_1	239225	41	AG-903-C11_00119	107187	109406	2220	-	1	1	1	0	1
AG-903-C11	query	AG-903-C11_NODE_1	239225	41	AG-903-C11_00120	109417	111006	1590	-	1	1	1	0	1
AG-903-C11	query	AG-903-C11_NODE_1	239225	41	AG-903-C11_00121	111065	112228	1164	-	1	1	1	0	1
AG-903-C11	query	AG-903-C11_NODE_1	239225	41	AG-903-C11_00122	112225	113745	1521	-	1	1	1	0	1
AG-903-C11	query	AG-903-C11_NODE_1	239225	41	AG-903-C11_00123	113742	114188	447	-	1	1	1	0	1
AG-903-C11	query	AG-903-C11_NODE_1	239225	41	AG-903-C11_00124	114188	115195	1008	-	1	1	1	0	1
AG-903-C11	query	AG-903-C11_NODE_1	239225	41	AG-903-C11_00125	115197	116528	1332	-	1	1	1	0	1
AG-903-C11	query	AG-903-C11_NODE_1	239225	41	AG-903-C11_00126	116532	116951	420	-	1	1	1	0	1
AG-903-C11	query	AG-903-C11_NODE_1	239225	41	AG-903-C11_00127	116960	117223	264	-	1	1	1	0	1
AG-903-C11	query	AG-903-C11_NODE_1	239225	41	AG-903-C11_00128	117285	118337	1053	+	1	1	1	0	1
AG-903-C11	query	AG-903-C11_NODE_1	239225	41	AG-903-C11_00129	118334	119425	1092	-	1	1	1	0	1
AG-903-C11	query	AG-903-C11_NODE_1	239225	41	AG-903-C11_00130	119454	119996	543	-	1	1	1	0	1
AG-903-C11	query	AG-903-C11_NODE_1	239225	41	AG-903-C11_00131	120034	121035	1002	-	1	1	1	0	1
AG-903-C11	query	AG-903-C11_NODE_1	239225	41	AG-903-C11_00132	121039	122565	1527	-	1	1	1	0	1
AG-903-C11	query	AG-903-C11_NODE_1	239225	41	AG-903-C11_00133	122609	124897	2289	+	1	1	1	0	1
AG-903-C11	query	AG-903-C11_NODE_1	239225	41	AG-903-C11_00134	124894	125487	594	-	1	1	1	0	1
AG-903-C11	query	AG-903-C11_NODE_1	239225	41	AG-903-C11_00135	125477	126334	858	-	1	1	1	0	1
AG-903-C11	query	AG-903-C11_NODE_1	239225	41	AG-903-C11_00136	126344	127495	1152	+	1	1	1	0	1
AG-903-C11	query	AG-903-C11_NODE_1	239225	41	AG-903-C11_00137	127479	128081	603	-	1	1	1	0	1
AG-903-C11	query	AG-903-C11_NODE_1	239225	41	AG-903-C11_00138	128118	128741	624	+	1	1	1	0	1
AG-903-C11	query	AG-903-C11_NODE_1	239225	41	AG-903-C11_00139	128803	130725	1923	+	1	1	1	0	1
AG-903-C11	query	AG-903-C11_NODE_1	239225	41	AG-903-C11_00140	130753	131877	1125	+	1	1	1	0	1
AG-903-C11	query	AG-903-C11_NODE_1	239225	41	AG-903-C11_00141	131905	132681	777	+	1	1	1	0	1
AG-903-C11	query	AG-903-C11_NODE_1	239225	41	AG-903-C11_00142	132681	133334	654	+	1	1	1	0	1
AG-903-C11	query	AG-903-C11_NODE_1	239225	41	AG-903-C11_00143	133336	134265	930	+	1	1	1	0	1
AG-903-C11	query	AG-903-C11_NODE_1	239225	41	AG-903-C11_00144	134255	134371	117	-	1	1	1	0	1
AG-903-C11	query	AG-903-C11_NODE_1	239225	41	AG-903-C11_00145	134364	134927	564	-	1	1	1	0	1
AG-903-C11	query	AG-903-C11_NODE_1	239225	41	AG-903-C11_00146	134939	135433	495	+	1	1	1	0	1
AG-903-C11	query	AG-903-C11_NODE_1	239225	41	AG-903-C11_00147	135430	136092	663	-	1	1	1	0	1
AG-903-C11	query	AG-903-C11_NODE_1	239225	41	AG-903-C11_00148	136666	137625	960	-	1	1	1	0	1
AG-903-C11	query	AG-903-C11_NODE_1	239225	41	AG-903-C11_00149	137804	138328	525	+	1	1	1	0	1
AG-903-C11	query	AG-903-C11_NODE_1	239225	41	AG-903-C11_00150	138377	140920	2544	+	1	1	1	0	1
AG-903-C11	query	AG-903-C11_NODE_1	239225	41	AG-903-C11_00151	140913	141371	459	+	1	1	1	0	1
AG-903-C11	query	AG-903-C11_NODE_1	239225	41	AG-903-C11_00152	141368	142345	978	+	1	1	1	0	1
AG-903-C11	query	AG-903-C11_NODE_1	239225	41	AG-903-C11_00153	142342	143193	852	-	1	1	1	0	1
AG-903-C11	query	AG-903-C11_NODE_1	239225	41	AG-903-C11_00154	143190	144035	846	-	1	1	1	0	1
AG-903-C11	query	AG-903-C11_NODE_1	239225	41	AG-903-C11_00155	143983	144627	645	-	1	1	1	0	1
AG-903-C11	query	AG-903-C11_NODE_1	239225	41	AG-903-C11_00156	144624	146495	1872	-	1	1	1	0	1
AG-903-C11	query	AG-903-C11_NODE_1	239225	41	AG-903-C11_00157	146572	147903	1332	-	1	1	1	0	1
AG-903-C11	query	AG-903-C11_NODE_1	239225	41	AG-903-C11_00158	147950	148789	840	+	1	1	1	0	1
AG-903-C11	query	AG-903-C11_NODE_1	239225	41	AG-903-C11_00159	148792	150063	1272	-	1	1	1	0	1
AG-903-C11	query	AG-903-C11_NODE_1	239225	41	AG-903-C11_00160	150123	150557	435	-	1	1	1	0	1
AG-903-C11	query	AG-903-C11_NODE_1	239225	41	AG-903-C11_00161	150560	151552	993	-	1	1	1	0	1
AG-903-C11	query	AG-903-C11_NODE_1	239225	41	AG-903-C11_00162	151549	152550	1002	-	1	1	1	0	1
AG-903-C11	query	AG-903-C11_NODE_1	239225	41	AG-903-C11_00163	152833	153654	822	+	1	1	1	0	1
AG-903-C11	query	AG-903-C11_NODE_1	239225	41	AG-903-C11_00164	153647	154228	582	+	1	1	1	0	1
AG-903-C11	query	AG-903-C11_NODE_1	239225	41	AG-903-C11_00165	154228	155031	804	+	1	1	1	0	1
AG-903-C11	query	AG-903-C11_NODE_1	239225	41	AG-903-C11_00166	155028	155768	741	+	1	1	1	0	1
AG-903-C11	query	AG-903-C11_NODE_1	239225	41	AG-903-C11_00167	155775	156362	588	+	1	1	1	0	1
AG-903-C11	query	AG-903-C11_NODE_1	239225	41	AG-903-C11_00168	156343	157011	669	+	1	1	1	0	1
AG-903-C11	query	AG-903-C11_NODE_1	239225	41	AG-903-C11_00169	157004	157426	423	-	1	1	1	0	1
AG-903-C11	query	AG-903-C11_NODE_1	239225	41	AG-903-C11_00170	157410	157835	426	-	1	1	1	0	1
AG-903-C11	query	AG-903-C11_NODE_1	239225	41	AG-903-C11_00171	157894	158481	588	+	1	1	1	0	1
AG-903-C11	query	AG-903-C11_NODE_1	239225	41	AG-903-C11_00172	158478	158891	414	+	1	1	1	0	1
AG-903-C11	query	AG-903-C11_NODE_1	239225	41	AG-903-C11_00173	158881	160248	1368	-	1	1	1	0	1
AG-903-C11	query	AG-903-C11_NODE_1	239225	41	AG-903-C11_00174	160248	160763	516	-	1	1	1	0	1
AG-903-C11	query	AG-903-C11_NODE_1	239225	41	AG-903-C11_00175	160854	161444	591	+	1	1	1	0	1
AG-903-C11	query	AG-903-C11_NODE_1	239225	41	AG-903-C11_00176	161450	162076	627	+	1	1	1	0	1
AG-903-C11	query	AG-903-C11_NODE_1	239225	41	AG-903-C11_00177	162078	163220	1143	+	1	1	1	0	1
AG-903-C11	query	AG-903-C11_NODE_1	239225	41	AG-903-C11_00178	163217	164155	939	+	1	1	1	0	1
AG-903-C11	query	AG-903-C11_NODE_1	239225	41	AG-903-C11_00179	164157	164876	720	+	1	1	1	0	1
AG-903-C11	query	AG-903-C11_NODE_1	239225	41	AG-903-C11_00180	164869	165621	753	+	1	1	1	0	1
AG-903-C11	query	AG-903-C11_NODE_1	239225	41	AG-903-C11_00181	165622	166374	753	+	1	1	1	0	1
AG-903-C11	query	AG-903-C11_NODE_1	239225	41	AG-903-C11_00182	166377	166649	273	+	1	1	1	0	1
AG-903-C11	query	AG-903-C11_NODE_1	239225	41	AG-903-C11_00183	166656	167072	417	+	1	1	1	0	1
AG-903-C11	query	AG-903-C11_NODE_1	239225	41	AG-903-C11_00184	167121	169409	2289	-	1	1	1	0	1
AG-903-C11	query	AG-903-C11_NODE_1	239225	41	AG-903-C11_00185	169406	169966	561	-	1	1	1	0	1
AG-903-C11	query	AG-903-C11_NODE_1	239225	41	AG-903-C11_00186	170013	170243	231	-	1	1	1	0	1
AG-903-C11	query	AG-903-C11_NODE_1	239225	41	AG-903-C11_00187	170388	170762	375	+	1	1	1	0	1
AG-903-C11	query	AG-903-C11_NODE_1	239225	41	AG-903-C11_00188	170842	171009	168	+	1	1	1	0	1
AG-903-C11	query	AG-903-C11_NODE_1	239225	41	AG-903-C11_00189	171011	172276	1266	-	1	1	1	0	1
AG-903-C11	query	AG-903-C11_NODE_1	239225	41	AG-903-C11_00190	172277	172771	495	-	1	1	1	0	1
AG-903-C11	query	AG-903-C11_NODE_1	239225	41	AG-903-C11_00191	172800	173816	1017	-	1	1	1	0	1
AG-903-C11	query	AG-903-C11_NODE_1	239225	41	AG-903-C11_00192	173909	174460	552	+	1	1	1	0	1
AG-903-C11	query	AG-903-C11_NODE_1	239225	41	AG-903-C11_00193	174483	174785	303	+	1	1	1	0	1
AG-903-C11	query	AG-903-C11_NODE_1	239225	41	AG-903-C11_00194	174792	175157	366	+	1	1	1	0	1
AG-903-C11	query	AG-903-C11_NODE_1	239225	41	AG-903-C11_00195	175154	175666	513	+	1	1	1	0	1
AG-903-C11	query	AG-903-C11_NODE_1	239225	41	AG-903-C11_00196	175659	176213	555	-	1	1	1	0	1
AG-903-C11	query	AG-903-C11_NODE_1	239225	41	AG-903-C11_00197	176213	178291	2079	-	1	1	1	0	1
AG-903-C11	query	AG-903-C11_NODE_1	239225	41	AG-903-C11_00198	178353	179435	1083	+	1	1	1	0	1
AG-903-C11	query	AG-903-C11_NODE_1	239225	41	AG-903-C11_00199	179437	180078	642	-	1	1	1	0	1
AG-903-C11	query	AG-903-C11_NODE_1	239225	41	AG-903-C11_00201	180292	180630	339	+	1	1	1	0	1
AG-903-C11	query	AG-903-C11_NODE_1	239225	41	AG-903-C11_00202	180631	182190	1560	-	1	1	1	0	1
AG-903-C11	query	AG-903-C11_NODE_1	239225	41	AG-903-C11_00203	182166	183791	1626	-	1	1	1	0	1
AG-903-C11	query	AG-903-C11_NODE_1	239225	41	AG-903-C11_00204	183793	184452	660	-	1	1	1	0	1
AG-903-C11	query	AG-903-C11_NODE_1	239225	41	AG-903-C11_00205	184500	184835	336	-	1	1	1	0	1
AG-903-C11	query	AG-903-C11_NODE_1	239225	41	AG-903-C11_00206	184882	186720	1839	-	1	1	1	0	1
AG-903-C11	query	AG-903-C11_NODE_1	239225	41	AG-903-C11_00207	186720	186977	258	-	1	1	1	0	1
AG-903-C11	query	AG-903-C11_NODE_1	239225	41	AG-903-C11_00208	187089	187718	630	+	1	1	1	0	1
AG-903-C11	query	AG-903-C11_NODE_1	239225	41	AG-903-C11_00209	187715	189736	2022	-	1	1	1	0	1
AG-903-C11	query	AG-903-C11_NODE_1	239225	41	AG-903-C11_00210	189751	190164	414	-	1	1	1	0	1
AG-903-C11	query	AG-903-C11_NODE_1	239225	41	AG-903-C11_00212	191138	192208	1071	-	1	1	1	0	1
AG-903-C11	query	AG-903-C11_NODE_1	239225	41	AG-903-C11_00213	192267	193178	912	+	1	1	1	0	1
AG-903-C11	query	AG-903-C11_NODE_1	239225	41	AG-903-C11_00214	193180	193878	699	+	1	1	1	0	1
AG-903-C11	query	AG-903-C11_NODE_1	239225	41	AG-903-C11_00220	199321	199902	582	+	1	1	1	0	1
AG-903-C11	query	AG-903-C11_NODE_1	239225	41	AG-903-C11_00221	199909	200910	1002	+	1	1	1	0	1
AG-903-C11	query	AG-903-C11_NODE_1	239225	41	AG-903-C11_00222	200903	201994	1092	-	1	1	1	0	1
AG-903-C11	query	AG-903-C11_NODE_1	239225	41	AG-903-C11_00248	224004	225065	1062	+	1	1	1	0	1
AG-903-C11	query	AG-903-C11_NODE_1	239225	41	AG-903-C11_00249	225090	226625	1536	+	1	1	1	0	1
AG-903-C11	query	AG-903-C11_NODE_1	239225	41	AG-903-C11_00250	226687	227553	867	+	1	1	1	0	1
AG-903-C11	query	AG-903-C11_NODE_1	239225	41	AG-903-C11_00251	227556	228404	849	+	1	1	1	0	1
AG-903-C11	query	AG-903-C11_NODE_1	239225	41	AG-903-C11_00252	228404	229483	1080	+	1	1	1	0	1
AG-903-C11	query	AG-903-C11_NODE_1	239225	41	AG-903-C11_00254	230557	231855	1299	+	1	1	1	0	1
AG-903-C11	query	AG-903-C11_NODE_1	239225	41	AG-903-C11_00255	231982	233112	1131	+	1	1	1	0	1
AG-903-C11	query	AG-903-C11_NODE_1	239225	41	AG-903-C11_00256	233201	234190	990	+	1	1	1	0	1
AG-903-C11	query	AG-903-C11_NODE_1	239225	41	AG-903-C11_00257	234194	236857	2664	+	1	1	1	0	1
AG-903-C11	query	AG-903-C11_NODE_1	239225	41	AG-903-C11_00258	236854	237873	1020	-	1	1	1	0	1
AG-903-C11	query	AG-903-C11_NODE_1	239225	41	AG-903-C11_00259	237873	239189	1317	-	1	1	1	0	1
AG-903-C11	query	AG-903-C11_NODE_10	41821	41	AG-903-C11_00900	126	2879	2754	+	1	1	1	0	1
AG-903-C11	query	AG-903-C11_NODE_10	41821	41	AG-903-C11_00901	2869	3366	498	+	1	1	1	0	1
AG-903-C11	query	AG-903-C11_NODE_10	41821	41	AG-903-C11_00902	3353	3670	318	+	1	1	1	0	1
AG-903-C11	query	AG-903-C11_NODE_10	41821	41	AG-903-C11_00903	3674	4846	1173	+	1	1	1	0	1
AG-903-C11	query	AG-903-C11_NODE_10	41821	41	AG-903-C11_00904	4838	5404	567	-	1	1	1	0	1
AG-903-C11	query	AG-903-C11_NODE_10	41821	41	AG-903-C11_00905	5401	6666	1266	-	1	1	1	0	1
AG-903-C11	query	AG-903-C11_NODE_10	41821	41	AG-903-C11_00906	6689	6886	198	+	1	1	1	0	1
AG-903-C11	query	AG-903-C11_NODE_10	41821	41	AG-903-C11_00907	6887	7747	861	-	1	1	1	0	1
AG-903-C11	query	AG-903-C11_NODE_10	41821	41	AG-903-C11_00908	7744	8667	924	-	1	1	1	0	1
AG-903-C11	query	AG-903-C11_NODE_10	41821	41	AG-903-C11_00909	8667	9899	1233	-	1	1	1	0	1
AG-903-C11	query	AG-903-C11_NODE_10	41821	41	AG-903-C11_00910	9899	11641	1743	-	1	1	1	0	1
AG-903-C11	query	AG-903-C11_NODE_10	41821	41	AG-903-C11_00911	11641	12510	870	-	1	1	1	0	1
AG-903-C11	query	AG-903-C11_NODE_10	41821	41	AG-903-C11_00912	12560	12967	408	+	1	1	1	0	1
AG-903-C11	query	AG-903-C11_NODE_10	41821	41	AG-903-C11_00913	12957	13928	972	-	1	1	1	0	1
AG-903-C11	query	AG-903-C11_NODE_10	41821	41	AG-903-C11_00914	13931	14767	837	-	1	1	1	0	1
AG-903-C11	query	AG-903-C11_NODE_10	41821	41	AG-903-C11_00915	14788	15450	663	-	1	1	1	0	1
AG-903-C11	query	AG-903-C11_NODE_10	41821	41	AG-903-C11_00916	15468	16166	699	+	1	1	1	0	1
AG-903-C11	query	AG-903-C11_NODE_10	41821	41	AG-903-C11_00917	16226	17038	813	+	1	1	1	0	1
AG-903-C11	query	AG-903-C11_NODE_10	41821	41	AG-903-C11_00918	17041	18675	1635	+	1	1	1	0	1
AG-903-C11	query	AG-903-C11_NODE_10	41821	41	AG-903-C11_00919	18702	19610	909	+	1	1	1	0	1
AG-903-C11	query	AG-903-C11_NODE_10	41821	41	AG-903-C11_00920	19607	19732	126	+	1	1	1	0	1
AG-903-C11	query	AG-903-C11_NODE_10	41821	41	AG-903-C11_00921	19729	20277	549	+	1	1	1	0	1
AG-903-C11	query	AG-903-C11_NODE_10	41821	41	AG-903-C11_00922	20283	21074	792	+	1	1	1	0	1
AG-903-C11	query	AG-903-C11_NODE_10	41821	41	AG-903-C11_00923	21081	21734	654	+	1	1	1	0	1
AG-903-C11	query	AG-903-C11_NODE_10	41821	41	AG-903-C11_00924	21734	23107	1374	+	1	1	1	0	1
AG-903-C11	query	AG-903-C11_NODE_10	41821	41	AG-903-C11_00925	23104	23589	486	+	1	1	1	0	1
AG-903-C11	query	AG-903-C11_NODE_10	41821	41	AG-903-C11_00926	23598	24443	846	+	1	1	1	0	1
AG-903-C11	query	AG-903-C11_NODE_10	41821	41	AG-903-C11_00927	24477	24899	423	-	1	1	1	0	1
AG-903-C11	query	AG-903-C11_NODE_10	41821	41	AG-903-C11_00928	24899	25864	966	-	1	1	1	0	1
AG-903-C11	query	AG-903-C11_NODE_10	41821	41	AG-903-C11_00929	25864	26814	951	-	1	1	1	0	1
AG-903-C11	query	AG-903-C11_NODE_10	41821	41	AG-903-C11_00930	26968	27861	894	-	1	1	1	0	1
AG-903-C11	query	AG-903-C11_NODE_10	41821	41	AG-903-C11_00931	27861	28928	1068	-	1	1	1	0	1
AG-903-C11	query	AG-903-C11_NODE_10	41821	41	AG-903-C11_00932	28915	29766	852	-	1	1	1	0	1
AG-903-C11	query	AG-903-C11_NODE_10	41821	41	AG-903-C11_00933	29766	31223	1458	-	1	1	1	0	1
AG-903-C11	query	AG-903-C11_NODE_10	41821	41	AG-903-C11_00934	31272	31769	498	-	1	1	1	0	1
AG-903-C11	query	AG-903-C11_NODE_10	41821	41	AG-903-C11_00935	31759	32349	591	-	1	1	1	0	1
AG-903-C11	query	AG-903-C11_NODE_10	41821	41	AG-903-C11_00936	32353	32580	228	-	1	1	1	0	1
AG-903-C11	query	AG-903-C11_NODE_10	41821	41	AG-903-C11_00937	32600	33331	732	-	1	1	1	0	1
AG-903-C11	query	AG-903-C11_NODE_10	41821	41	AG-903-C11_00938	33336	33614	279	-	1	1	1	0	1
AG-903-C11	query	AG-903-C11_NODE_10	41821	41	AG-903-C11_00939	33617	36190	2574	-	1	1	1	0	1
AG-903-C11	query	AG-903-C11_NODE_10	41821	41	AG-903-C11_00940	36199	36774	576	-	1	1	1	0	1
AG-903-C11	query	AG-903-C11_NODE_10	41821	41	AG-903-C11_00941	36771	37253	483	-	1	1	1	0	1
AG-903-C11	query	AG-903-C11_NODE_10	41821	41	AG-903-C11_00942	37254	38246	993	+	1	1	1	0	1
AG-903-C11	query	AG-903-C11_NODE_10	41821	41	AG-903-C11_00943	38243	39367	1125	+	1	1	1	0	1
AG-903-C11	query	AG-903-C11_NODE_10	41821	41	AG-903-C11_00944	39364	40437	1074	-	1	1	1	0	1
AG-903-C11	query	AG-903-C11_NODE_10	41821	41	AG-903-C11_00945	40519	41091	573	-	1	1	1	0	1
AG-903-C11	query	AG-903-C11_NODE_10	41821	41	AG-903-C11_00946	41111	41815	705	-	1	1	1	0	1
AG-903-C11	query	AG-903-C11_NODE_11	31839	41	AG-903-C11_00947	128	1945	1818	+	1	1	1	0	1
AG-903-C11	query	AG-903-C11_NODE_11	31839	41	AG-903-C11_00948	1915	3636	1722	+	1	1	1	0	1
AG-903-C11	query	AG-903-C11_NODE_11	31839	41	AG-903-C11_00949	3625	5637	2013	-	1	1	1	0	1
AG-903-C11	query	AG-903-C11_NODE_11	31839	41	AG-903-C11_00950	5649	6485	837	-	1	1	1	0	1
AG-903-C11	query	AG-903-C11_NODE_11	31839	41	AG-903-C11_00951	6524	7444	921	-	1	1	1	0	1
AG-903-C11	query	AG-903-C11_NODE_11	31839	41	AG-903-C11_00952	7507	8673	1167	-	1	1	1	0	1
AG-903-C11	query	AG-903-C11_NODE_11	31839	41	AG-903-C11_00953	8666	9355	690	-	1	1	1	0	1
AG-903-C11	query	AG-903-C11_NODE_11	31839	41	AG-903-C11_00954	9336	10256	921	-	1	1	1	0	1
AG-903-C11	query	AG-903-C11_NODE_11	31839	41	AG-903-C11_00955	10256	11164	909	-	1	1	1	0	1
AG-903-C11	query	AG-903-C11_NODE_11	31839	41	AG-903-C11_00956	11166	12548	1383	-	1	1	1	0	1
AG-903-C11	query	AG-903-C11_NODE_11	31839	41	AG-903-C11_00957	12538	13614	1077	-	1	1	1	0	1
AG-903-C11	query	AG-903-C11_NODE_11	31839	41	AG-903-C11_00958	13616	14725	1110	-	1	1	1	0	1
AG-903-C11	query	AG-903-C11_NODE_11	31839	41	AG-903-C11_00959	14725	16011	1287	-	1	1	1	0	1
AG-903-C11	query	AG-903-C11_NODE_11	31839	41	AG-903-C11_00960	16011	17096	1086	-	1	1	1	0	1
AG-903-C11	query	AG-903-C11_NODE_11	31839	41	AG-903-C11_00961	17096	19924	2829	-	1	1	1	0	1
AG-903-C11	query	AG-903-C11_NODE_11	31839	41	AG-903-C11_00962	19936	21570	1635	-	1	1	1	0	1
AG-903-C11	query	AG-903-C11_NODE_11	31839	41	AG-903-C11_00963	21563	21835	273	-	1	1	1	0	1
AG-903-C11	query	AG-903-C11_NODE_11	31839	41	AG-903-C11_00964	21828	22820	993	-	1	1	1	0	1
AG-903-C11	query	AG-903-C11_NODE_11	31839	41	AG-903-C11_00965	22839	24284	1446	-	1	1	1	0	1
AG-903-C11	query	AG-903-C11_NODE_11	31839	41	AG-903-C11_00966	24296	24751	456	-	1	1	1	0	1
AG-903-C11	query	AG-903-C11_NODE_11	31839	41	AG-903-C11_00967	25285	26004	720	-	1	1	1	0	1
AG-903-C11	query	AG-903-C11_NODE_11	31839	41	AG-903-C11_00968	26057	26854	798	+	1	1	1	0	1
AG-903-C11	query	AG-903-C11_NODE_11	31839	41	AG-903-C11_00969	26868	27458	591	+	1	1	1	0	1
AG-903-C11	query	AG-903-C11_NODE_11	31839	41	AG-903-C11_00970	27459	27956	498	-	1	1	1	0	1
AG-903-C11	query	AG-903-C11_NODE_11	31839	41	AG-903-C11_00971	28027	28482	456	-	1	1	1	0	1
AG-903-C11	query	AG-903-C11_NODE_11	31839	41	AG-903-C11_00974	30667	31647	981	-	1	1	1	0	1
AG-903-C11	query	AG-903-C11_NODE_12	26852	41	AG-903-C11_00975	395	811	417	-	1	1	1	0	1
AG-903-C11	query	AG-903-C11_NODE_12	26852	41	AG-903-C11_00976	812	1486	675	-	1	1	1	0	1
AG-903-C11	query	AG-903-C11_NODE_12	26852	41	AG-903-C11_00977	1543	2040	498	-	1	1	1	0	1
AG-903-C11	query	AG-903-C11_NODE_12	26852	41	AG-903-C11_00978	2041	2763	723	-	1	1	1	0	1
AG-903-C11	query	AG-903-C11_NODE_12	26852	41	AG-903-C11_00979	2766	3572	807	-	1	1	1	0	1
AG-903-C11	query	AG-903-C11_NODE_12	26852	41	AG-903-C11_00980	3575	4114	540	-	1	1	1	0	1
AG-903-C11	query	AG-903-C11_NODE_12	26852	41	AG-903-C11_00981	4122	4568	447	-	1	1	1	0	1
AG-903-C11	query	AG-903-C11_NODE_12	26852	41	AG-903-C11_00982	4556	4909	354	-	1	1	1	0	1
AG-903-C11	query	AG-903-C11_NODE_12	26852	41	AG-903-C11_00983	4980	6887	1908	+	1	1	1	0	1
AG-903-C11	query	AG-903-C11_NODE_12	26852	41	AG-903-C11_00984	6884	7891	1008	+	1	1	1	0	1
AG-903-C11	query	AG-903-C11_NODE_12	26852	41	AG-903-C11_00985	7891	9063	1173	+	1	1	1	0	1
AG-903-C11	query	AG-903-C11_NODE_12	26852	41	AG-903-C11_00986	9064	10077	1014	+	1	1	1	0	1
AG-903-C11	query	AG-903-C11_NODE_12	26852	41	AG-903-C11_00987	10061	10678	618	+	1	1	1	0	1
AG-903-C11	query	AG-903-C11_NODE_12	26852	41	AG-903-C11_00988	10675	11235	561	+	1	1	1	0	1
AG-903-C11	query	AG-903-C11_NODE_12	26852	41	AG-903-C11_00989	11237	11983	747	+	1	1	1	0	1
AG-903-C11	query	AG-903-C11_NODE_12	26852	41	AG-903-C11_00990	12019	12249	231	+	1	1	1	0	1
AG-903-C11	query	AG-903-C11_NODE_12	26852	41	AG-903-C11_00991	12249	12836	588	+	1	1	1	0	1
AG-903-C11	query	AG-903-C11_NODE_12	26852	41	AG-903-C11_00993	13204	14226	1023	+	1	1	1	0	1
AG-903-C11	query	AG-903-C11_NODE_12	26852	41	AG-903-C11_00994	14228	15622	1395	-	1	1	1	0	1
AG-903-C11	query	AG-903-C11_NODE_12	26852	41	AG-903-C11_00995	15626	15928	303	-	1	1	1	0	1
AG-903-C11	query	AG-903-C11_NODE_12	26852	41	AG-903-C11_00996	15929	17017	1089	-	1	1	1	0	1
AG-903-C11	query	AG-903-C11_NODE_12	26852	41	AG-903-C11_00997	17018	17128	111	-	1	1	1	0	1
AG-903-C11	query	AG-903-C11_NODE_12	26852	41	AG-903-C11_00998	17135	17260	126	-	1	1	1	0	1
AG-903-C11	query	AG-903-C11_NODE_12	26852	41	AG-903-C11_00999	17263	18150	888	-	1	1	1	0	1
AG-903-C11	query	AG-903-C11_NODE_12	26852	41	AG-903-C11_01001	18317	19309	993	-	1	1	1	0	1
AG-903-C11	query	AG-903-C11_NODE_12	26852	41	AG-903-C11_01002	19343	20050	708	-	1	1	1	0	1
AG-903-C11	query	AG-903-C11_NODE_12	26852	41	AG-903-C11_01003	20094	21728	1635	+	1	1	1	0	1
AG-903-C11	query	AG-903-C11_NODE_12	26852	41	AG-903-C11_01004	21710	22975	1266	-	1	1	1	0	1
AG-903-C11	query	AG-903-C11_NODE_12	26852	41	AG-903-C11_01005	22986	24038	1053	-	1	1	1	0	1
AG-903-C11	query	AG-903-C11_NODE_12	26852	41	AG-903-C11_01006	24044	24736	693	-	1	1	1	0	1
AG-903-C11	query	AG-903-C11_NODE_12	26852	41	AG-903-C11_01007	24742	25623	882	-	1	1	1	0	1
AG-903-C11	query	AG-903-C11_NODE_12	26852	41	AG-903-C11_01008	25637	26725	1089	-	1	1	1	0	1
AG-903-C11	query	AG-903-C11_NODE_13	26792	41	AG-903-C11_01009	93	536	444	+	1	1	1	0	1
AG-903-C11	query	AG-903-C11_NODE_13	26792	41	AG-903-C11_01010	537	1109	573	+	1	1	1	0	1
AG-903-C11	query	AG-903-C11_NODE_13	26792	41	AG-903-C11_01011	1150	3717	2568	+	1	1	1	0	1
AG-903-C11	query	AG-903-C11_NODE_13	26792	41	AG-903-C11_01012	3717	4178	462	+	1	1	1	0	1
AG-903-C11	query	AG-903-C11_NODE_13	26792	41	AG-903-C11_01013	4179	5468	1290	-	1	1	1	0	1
AG-903-C11	query	AG-903-C11_NODE_13	26792	41	AG-903-C11_01014	5465	6280	816	-	1	1	1	0	1
AG-903-C11	query	AG-903-C11_NODE_13	26792	41	AG-903-C11_01015	6315	7118	804	+	1	1	1	0	1
AG-903-C11	query	AG-903-C11_NODE_13	26792	41	AG-903-C11_01016	7119	8492	1374	-	1	1	1	0	1
AG-903-C11	query	AG-903-C11_NODE_13	26792	41	AG-903-C11_01017	8554	9177	624	+	1	1	1	0	1
AG-903-C11	query	AG-903-C11_NODE_13	26792	41	AG-903-C11_01018	9167	10075	909	-	1	1	1	0	1
AG-903-C11	query	AG-903-C11_NODE_13	26792	41	AG-903-C11_01019	10078	10995	918	-	1	1	1	0	1
AG-903-C11	query	AG-903-C11_NODE_13	26792	41	AG-903-C11_01020	11056	11487	432	-	1	1	1	0	1
AG-903-C11	query	AG-903-C11_NODE_13	26792	41	AG-903-C11_01021	11499	12527	1029	-	1	1	1	0	1
AG-903-C11	query	AG-903-C11_NODE_13	26792	41	AG-903-C11_01022	12527	12964	438	-	1	1	1	0	1
AG-903-C11	query	AG-903-C11_NODE_13	26792	41	AG-903-C11_01023	12964	13347	384	-	1	1	1	0	1
AG-903-C11	query	AG-903-C11_NODE_13	26792	41	AG-903-C11_01024	13403	13966	564	-	1	1	1	0	1
AG-903-C11	query	AG-903-C11_NODE_13	26792	41	AG-903-C11_01025	13967	15247	1281	-	1	1	1	0	1
AG-903-C11	query	AG-903-C11_NODE_13	26792	41	AG-903-C11_01026	15247	15714	468	-	1	1	1	0	1
AG-903-C11	query	AG-903-C11_NODE_13	26792	41	AG-903-C11_01027	15714	16214	501	-	1	1	1	0	1
AG-903-C11	query	AG-903-C11_NODE_13	26792	41	AG-903-C11_01028	16218	16568	351	-	1	1	1	0	1
AG-903-C11	query	AG-903-C11_NODE_13	26792	41	AG-903-C11_01029	16568	17107	540	-	1	1	1	0	1
AG-903-C11	query	AG-903-C11_NODE_13	26792	41	AG-903-C11_01030	17107	17499	393	-	1	1	1	0	1
AG-903-C11	query	AG-903-C11_NODE_13	26792	41	AG-903-C11_01031	17510	17815	306	-	1	1	1	0	1
AG-903-C11	query	AG-903-C11_NODE_13	26792	41	AG-903-C11_01032	17815	18369	555	-	1	1	1	0	1
AG-903-C11	query	AG-903-C11_NODE_13	26792	41	AG-903-C11_01033	18369	18608	240	-	1	1	1	0	1
AG-903-C11	query	AG-903-C11_NODE_13	26792	41	AG-903-C11_01034	18608	18976	369	-	1	1	1	0	1
AG-903-C11	query	AG-903-C11_NODE_13	26792	41	AG-903-C11_01035	18973	19209	237	-	1	1	1	0	1
AG-903-C11	query	AG-903-C11_NODE_13	26792	41	AG-903-C11_01036	19202	19390	189	-	1	1	1	0	1
AG-903-C11	query	AG-903-C11_NODE_13	26792	41	AG-903-C11_01037	19390	19797	408	-	1	1	1	0	1
AG-903-C11	query	AG-903-C11_NODE_13	26792	41	AG-903-C11_01038	19800	20459	660	-	1	1	1	0	1
AG-903-C11	query	AG-903-C11_NODE_13	26792	41	AG-903-C11_01039	20443	20838	396	-	1	1	1	0	1
AG-903-C11	query	AG-903-C11_NODE_13	26792	41	AG-903-C11_01040	20841	21149	309	-	1	1	1	0	1
AG-903-C11	query	AG-903-C11_NODE_13	26792	41	AG-903-C11_01041	21153	21986	834	-	1	1	1	0	1
AG-903-C11	query	AG-903-C11_NODE_13	26792	41	AG-903-C11_01042	21990	22283	294	-	1	1	1	0	1
AG-903-C11	query	AG-903-C11_NODE_13	26792	41	AG-903-C11_01043	22283	22906	624	-	1	1	1	0	1
AG-903-C11	query	AG-903-C11_NODE_13	26792	41	AG-903-C11_01044	22907	23617	711	-	1	1	1	0	1
AG-903-C11	query	AG-903-C11_NODE_13	26792	41	AG-903-C11_01045	23617	23925	309	-	1	1	1	0	1
AG-903-C11	query	AG-903-C11_NODE_13	26792	41	AG-903-C11_01046	23928	26003	2076	-	1	1	1	0	1
AG-903-C11	query	AG-903-C11_NODE_13	26792	41	AG-903-C11_01047	26009	26479	471	-	1	1	1	0	1
AG-903-C11	query	AG-903-C11_NODE_13	26792	41	AG-903-C11_01048	26482	26685	204	-	1	1	1	0	1
AG-903-C11	query	AG-903-C11_NODE_14	26195	41	AG-903-C11_01049	66	617	552	+	1	1	1	0	1
AG-903-C11	query	AG-903-C11_NODE_14	26195	41	AG-903-C11_01050	614	1399	786	+	1	1	1	0	1
AG-903-C11	query	AG-903-C11_NODE_14	26195	41	AG-903-C11_01051	1396	2844	1449	-	1	1	1	0	1
AG-903-C11	query	AG-903-C11_NODE_14	26195	41	AG-903-C11_01052	2959	3681	723	+	1	1	1	0	1
AG-903-C11	query	AG-903-C11_NODE_14	26195	41	AG-903-C11_01053	3684	4073	390	-	1	1	1	0	1
AG-903-C11	query	AG-903-C11_NODE_14	26195	41	AG-903-C11_01054	4106	5047	942	+	1	1	1	0	1
AG-903-C11	query	AG-903-C11_NODE_14	26195	41	AG-903-C11_01055	5040	6119	1080	-	1	1	1	0	1
AG-903-C11	query	AG-903-C11_NODE_14	26195	41	AG-903-C11_01056	6139	7155	1017	+	1	1	1	0	1
AG-903-C11	query	AG-903-C11_NODE_14	26195	41	AG-903-C11_01057	7186	7656	471	+	1	1	1	0	1
AG-903-C11	query	AG-903-C11_NODE_14	26195	41	AG-903-C11_01058	7653	9152	1500	+	1	1	1	0	1
AG-903-C11	query	AG-903-C11_NODE_14	26195	41	AG-903-C11_01059	9149	9565	417	-	1	1	1	0	1
AG-903-C11	query	AG-903-C11_NODE_14	26195	41	AG-903-C11_01060	9575	10657	1083	-	1	1	1	0	1
AG-903-C11	query	AG-903-C11_NODE_14	26195	41	AG-903-C11_01061	10657	11211	555	-	1	1	1	0	1
AG-903-C11	query	AG-903-C11_NODE_14	26195	41	AG-903-C11_01062	11232	11744	513	+	1	1	1	0	1
AG-903-C11	query	AG-903-C11_NODE_14	26195	41	AG-903-C11_01063	11746	12036	291	+	1	1	1	0	1
AG-903-C11	query	AG-903-C11_NODE_14	26195	41	AG-903-C11_01064	12033	12899	867	+	1	1	1	0	1
AG-903-C11	query	AG-903-C11_NODE_14	26195	41	AG-903-C11_01065	12914	13312	399	-	1	1	1	0	1
AG-903-C11	query	AG-903-C11_NODE_14	26195	41	AG-903-C11_01066	13312	13917	606	-	1	1	1	0	1
AG-903-C11	query	AG-903-C11_NODE_14	26195	41	AG-903-C11_01067	13920	14795	876	-	1	1	1	0	1
AG-903-C11	query	AG-903-C11_NODE_14	26195	41	AG-903-C11_01068	14804	16012	1209	+	1	1	1	0	1
AG-903-C11	query	AG-903-C11_NODE_14	26195	41	AG-903-C11_01069	16055	16582	528	+	1	1	1	0	1
AG-903-C11	query	AG-903-C11_NODE_14	26195	41	AG-903-C11_01070	16583	17725	1143	-	1	1	1	0	1
AG-903-C11	query	AG-903-C11_NODE_14	26195	41	AG-903-C11_01071	17736	18821	1086	+	1	1	1	0	1
AG-903-C11	query	AG-903-C11_NODE_14	26195	41	AG-903-C11_01072	18872	19366	495	+	1	1	1	0	1
AG-903-C11	query	AG-903-C11_NODE_14	26195	41	AG-903-C11_01073	19366	20697	1332	+	1	1	1	0	1
AG-903-C11	query	AG-903-C11_NODE_14	26195	41	AG-903-C11_01074	20713	22020	1308	+	1	1	1	0	1
AG-903-C11	query	AG-903-C11_NODE_14	26195	41	AG-903-C11_01075	22013	23014	1002	+	1	1	1	0	1
AG-903-C11	query	AG-903-C11_NODE_14	26195	41	AG-903-C11_01076	23055	23840	786	+	1	1	1	0	1
AG-903-C11	query	AG-903-C11_NODE_14	26195	41	AG-903-C11_01077	23929	25383	1455	-	1	1	1	0	1
AG-903-C11	query	AG-903-C11_NODE_15	22354	41	AG-903-C11_01078	129	863	735	+	1	1	1	0	1
AG-903-C11	query	AG-903-C11_NODE_15	22354	41	AG-903-C11_01079	860	1246	387	-	1	1	1	0	1
AG-903-C11	query	AG-903-C11_NODE_15	22354	41	AG-903-C11_01080	1246	2091	846	-	1	1	1	0	1
AG-903-C11	query	AG-903-C11_NODE_15	22354	41	AG-903-C11_01081	2091	3164	1074	-	1	1	1	0	1
AG-903-C11	query	AG-903-C11_NODE_15	22354	41	AG-903-C11_01082	3175	4269	1095	-	1	1	1	0	1
AG-903-C11	query	AG-903-C11_NODE_15	22354	41	AG-903-C11_01083	4266	5477	1212	-	1	1	1	0	1
AG-903-C11	query	AG-903-C11_NODE_15	22354	41	AG-903-C11_01084	5544	6272	729	+	1	1	1	0	1
AG-903-C11	query	AG-903-C11_NODE_15	22354	41	AG-903-C11_01085	6269	6691	423	-	1	1	1	0	1
AG-903-C11	query	AG-903-C11_NODE_15	22354	41	AG-903-C11_01086	6729	8030	1302	-	1	1	1	0	1
AG-903-C11	query	AG-903-C11_NODE_15	22354	41	AG-903-C11_01087	8090	9685	1596	+	1	1	1	0	1
AG-903-C11	query	AG-903-C11_NODE_15	22354	41	AG-903-C11_01088	9675	10613	939	+	1	1	1	0	1
AG-903-C11	query	AG-903-C11_NODE_15	22354	41	AG-903-C11_01089	10615	11721	1107	-	1	1	1	0	1
AG-903-C11	query	AG-903-C11_NODE_15	22354	41	AG-903-C11_01090	11871	14021	2151	+	1	1	1	0	1
AG-903-C11	query	AG-903-C11_NODE_15	22354	41	AG-903-C11_01091	14030	14638	609	-	1	1	1	0	1
AG-903-C11	query	AG-903-C11_NODE_15	22354	41	AG-903-C11_01092	14643	14960	318	-	1	1	1	0	1
AG-903-C11	query	AG-903-C11_NODE_15	22354	41	AG-903-C11_01093	14953	16596	1644	-	1	1	1	0	1
AG-903-C11	query	AG-903-C11_NODE_15	22354	41	AG-903-C11_01094	16701	17531	831	-	1	1	1	0	1
AG-903-C11	query	AG-903-C11_NODE_15	22354	41	AG-903-C11_01095	17536	18270	735	-	1	1	1	0	1
AG-903-C11	query	AG-903-C11_NODE_15	22354	41	AG-903-C11_01096	18367	18906	540	+	1	1	1	0	1
AG-903-C11	query	AG-903-C11_NODE_15	22354	41	AG-903-C11_01097	18898	19827	930	-	1	1	1	0	1
AG-903-C11	query	AG-903-C11_NODE_15	22354	41	AG-903-C11_01098	19824	20987	1164	-	1	1	1	0	1
AG-903-C11	query	AG-903-C11_NODE_15	22354	41	AG-903-C11_01099	21150	21644	495	+	1	1	1	0	1
AG-903-C11	query	AG-903-C11_NODE_15	22354	41	AG-903-C11_01100	21641	21922	282	-	1	1	1	0	1
AG-903-C11	query	AG-903-C11_NODE_15	22354	41	AG-903-C11_01101	21924	22298	375	-	1	1	1	0	1
AG-903-C11	query	AG-903-C11_NODE_16	19701	41	AG-903-C11_01103	1031	2293	1263	+	1	1	1	0	1
AG-903-C11	query	AG-903-C11_NODE_16	19701	41	AG-903-C11_01104	2295	3149	855	+	1	1	1	0	1
AG-903-C11	query	AG-903-C11_NODE_16	19701	41	AG-903-C11_01105	3150	4274	1125	-	1	1	1	0	1
AG-903-C11	query	AG-903-C11_NODE_16	19701	41	AG-903-C11_01106	4298	5461	1164	-	1	1	1	0	1
AG-903-C11	query	AG-903-C11_NODE_16	19701	41	AG-903-C11_01107	5465	5800	336	-	1	1	1	0	1
AG-903-C11	query	AG-903-C11_NODE_16	19701	41	AG-903-C11_01108	5802	7541	1740	-	1	1	1	0	1
AG-903-C11	query	AG-903-C11_NODE_16	19701	41	AG-903-C11_01109	7543	8703	1161	-	1	1	1	0	1
AG-903-C11	query	AG-903-C11_NODE_16	19701	41	AG-903-C11_01110	8696	9391	696	-	1	1	1	0	1
AG-903-C11	query	AG-903-C11_NODE_16	19701	41	AG-903-C11_01111	9370	10593	1224	-	1	1	1	0	1
AG-903-C11	query	AG-903-C11_NODE_16	19701	41	AG-903-C11_01112	10735	12222	1488	+	1	1	1	0	1
AG-903-C11	query	AG-903-C11_NODE_16	19701	41	AG-903-C11_01113	12308	13264	957	+	1	1	1	0	1
AG-903-C11	query	AG-903-C11_NODE_16	19701	41	AG-903-C11_01114	13266	14159	894	+	1	1	1	0	1
AG-903-C11	query	AG-903-C11_NODE_16	19701	41	AG-903-C11_01115	14159	16186	2028	+	1	1	1	0	1
AG-903-C11	query	AG-903-C11_NODE_16	19701	41	AG-903-C11_01116	16244	18466	2223	+	1	1	1	0	1
AG-903-C11	query	AG-903-C11_NODE_16	19701	41	AG-903-C11_01117	18455	19102	648	-	1	1	1	0	1
AG-903-C11	query	AG-903-C11_NODE_17	16618	41	AG-903-C11_01119	100	393	294	+	1	1	1	0	1
AG-903-C11	query	AG-903-C11_NODE_17	16618	41	AG-903-C11_01120	393	1178	786	+	1	1	1	0	1
AG-903-C11	query	AG-903-C11_NODE_17	16618	41	AG-903-C11_01121	1178	1411	234	+	1	1	1	0	1
AG-903-C11	query	AG-903-C11_NODE_17	16618	41	AG-903-C11_01122	1415	2098	684	+	1	1	1	0	1
AG-903-C11	query	AG-903-C11_NODE_17	16618	41	AG-903-C11_01123	2098	4290	2193	+	1	1	1	0	1
AG-903-C11	query	AG-903-C11_NODE_17	16618	41	AG-903-C11_01124	4290	4520	231	+	1	1	1	0	1
AG-903-C11	query	AG-903-C11_NODE_17	16618	41	AG-903-C11_01125	4521	4859	339	+	1	1	1	0	1
AG-903-C11	query	AG-903-C11_NODE_17	16618	41	AG-903-C11_01126	4860	7604	2745	-	1	1	1	0	1
AG-903-C11	query	AG-903-C11_NODE_17	16618	41	AG-903-C11_01127	7699	8316	618	-	1	1	1	0	1
AG-903-C11	query	AG-903-C11_NODE_17	16618	41	AG-903-C11_01128	8352	9071	720	-	1	1	1	0	1
AG-903-C11	query	AG-903-C11_NODE_17	16618	41	AG-903-C11_01129	9071	10684	1614	-	1	1	1	0	1
AG-903-C11	query	AG-903-C11_NODE_17	16618	41	AG-903-C11_01130	10669	12030	1362	-	1	1	1	0	1
AG-903-C11	query	AG-903-C11_NODE_17	16618	41	AG-903-C11_01131	12076	12813	738	-	1	1	1	0	1
AG-903-C11	query	AG-903-C11_NODE_17	16618	41	AG-903-C11_01132	12851	14230	1380	-	1	1	1	0	1
AG-903-C11	query	AG-903-C11_NODE_17	16618	41	AG-903-C11_01133	14265	16085	1821	-	1	1	1	0	1
AG-903-C11	query	AG-903-C11_NODE_17	16618	41	AG-903-C11_01134	16092	16481	390	-	1	1	1	0	1
AG-903-C11	query	AG-903-C11_NODE_18	14642	41	AG-903-C11_01135	81	1079	999	+	1	1	1	0	1
AG-903-C11	query	AG-903-C11_NODE_18	14642	41	AG-903-C11_01136	1053	1601	549	-	1	1	1	0	1
AG-903-C11	query	AG-903-C11_NODE_18	14642	41	AG-903-C11_01137	1594	4596	3003	-	1	1	1	0	1
AG-903-C11	query	AG-903-C11_NODE_18	14642	41	AG-903-C11_01138	4596	4877	282	-	1	1	1	0	1
AG-903-C11	query	AG-903-C11_NODE_18	14642	41	AG-903-C11_01147	12680	13399	720	+	1	1	1	0	1
AG-903-C11	query	AG-903-C11_NODE_18	14642	41	AG-903-C11_01148	13399	13785	387	+	1	1	1	0	1
AG-903-C11	query	AG-903-C11_NODE_18	14642	41	AG-903-C11_01149	13782	14510	729	+	1	1	1	0	1
AG-903-C11	query	AG-903-C11_NODE_19	14557	41	AG-903-C11_01150	113	553	441	+	1	1	1	0	1
AG-903-C11	query	AG-903-C11_NODE_19	14557	41	AG-903-C11_01152	663	1433	771	-	1	1	1	0	1
AG-903-C11	query	AG-903-C11_NODE_19	14557	41	AG-903-C11_01154	1645	1908	264	-	1	1	1	0	1
AG-903-C11	query	AG-903-C11_NODE_19	14557	41	AG-903-C11_01155	1926	4256	2331	-	1	1	1	0	1
AG-903-C11	query	AG-903-C11_NODE_19	14557	41	AG-903-C11_01156	4253	5473	1221	-	1	1	1	0	1
AG-903-C11	query	AG-903-C11_NODE_19	14557	41	AG-903-C11_01157	5470	6924	1455	-	1	1	1	0	1
AG-903-C11	query	AG-903-C11_NODE_19	14557	41	AG-903-C11_01158	7233	8942	1710	+	1	1	1	0	1
AG-903-C11	query	AG-903-C11_NODE_19	14557	41	AG-903-C11_01159	8929	10221	1293	-	1	1	1	0	1
AG-903-C11	query	AG-903-C11_NODE_19	14557	41	AG-903-C11_01160	10226	10543	318	-	1	1	1	0	1
AG-903-C11	query	AG-903-C11_NODE_19	14557	41	AG-903-C11_01161	10540	11226	687	-	1	1	1	0	1
AG-903-C11	query	AG-903-C11_NODE_19	14557	41	AG-903-C11_01162	11230	11634	405	-	1	1	1	0	1
AG-903-C11	query	AG-903-C11_NODE_19	14557	41	AG-903-C11_01163	11637	12386	750	-	1	1	1	0	1
AG-903-C11	query	AG-903-C11_NODE_19	14557	41	AG-903-C11_01164	12409	13095	687	+	1	1	1	0	1
AG-903-C11	query	AG-903-C11_NODE_19	14557	41	AG-903-C11_01165	13088	13858	771	+	1	1	1	0	1
AG-903-C11	query	AG-903-C11_NODE_2	148132	41	AG-903-C11_00260	179	2575	2397	-	1	1	1	0	1
AG-903-C11	query	AG-903-C11_NODE_2	148132	41	AG-903-C11_00261	2579	3658	1080	-	1	1	1	0	1
AG-903-C11	query	AG-903-C11_NODE_2	148132	41	AG-903-C11_00262	3658	4794	1137	-	1	1	1	0	1
AG-903-C11	query	AG-903-C11_NODE_2	148132	41	AG-903-C11_00263	4849	6285	1437	+	1	1	1	0	1
AG-903-C11	query	AG-903-C11_NODE_2	148132	41	AG-903-C11_00264	6278	6688	411	+	1	1	1	0	1
AG-903-C11	query	AG-903-C11_NODE_2	148132	41	AG-903-C11_00265	6678	7256	579	-	1	1	1	0	1
AG-903-C11	query	AG-903-C11_NODE_2	148132	41	AG-903-C11_00266	7237	8259	1023	-	1	1	1	0	1
AG-903-C11	query	AG-903-C11_NODE_2	148132	41	AG-903-C11_00267	8474	9346	873	+	1	1	1	0	1
AG-903-C11	query	AG-903-C11_NODE_2	148132	41	AG-903-C11_00268	9343	10002	660	+	1	1	1	0	1
AG-903-C11	query	AG-903-C11_NODE_2	148132	41	AG-903-C11_00269	9999	11780	1782	+	1	1	1	0	1
AG-903-C11	query	AG-903-C11_NODE_2	148132	41	AG-903-C11_00270	11781	12602	822	-	1	1	1	0	1
AG-903-C11	query	AG-903-C11_NODE_2	148132	41	AG-903-C11_00271	12711	13067	357	+	1	1	1	0	1
AG-903-C11	query	AG-903-C11_NODE_2	148132	41	AG-903-C11_00272	13030	13437	408	+	1	1	1	0	1
AG-903-C11	query	AG-903-C11_NODE_2	148132	41	AG-903-C11_00273	13434	14771	1338	-	1	1	1	0	1
AG-903-C11	query	AG-903-C11_NODE_2	148132	41	AG-903-C11_00274	14774	15196	423	-	1	1	1	0	1
AG-903-C11	query	AG-903-C11_NODE_2	148132	41	AG-903-C11_00275	15183	15626	444	-	1	1	1	0	1
AG-903-C11	query	AG-903-C11_NODE_2	148132	41	AG-903-C11_00277	15861	16634	774	+	1	1	1	0	1
AG-903-C11	query	AG-903-C11_NODE_2	148132	41	AG-903-C11_00278	16627	18393	1767	-	1	1	1	0	1
AG-903-C11	query	AG-903-C11_NODE_2	148132	41	AG-903-C11_00279	18475	20811	2337	+	1	1	1	0	1
AG-903-C11	query	AG-903-C11_NODE_2	148132	41	AG-903-C11_00280	21088	21909	822	+	1	1	1	0	1
AG-903-C11	query	AG-903-C11_NODE_2	148132	41	AG-903-C11_00281	21902	24484	2583	+	1	1	1	0	1
AG-903-C11	query	AG-903-C11_NODE_2	148132	41	AG-903-C11_00282	24481	25704	1224	-	1	1	1	0	1
AG-903-C11	query	AG-903-C11_NODE_2	148132	41	AG-903-C11_00283	25752	26849	1098	+	1	1	1	0	1
AG-903-C11	query	AG-903-C11_NODE_2	148132	41	AG-903-C11_00284	26846	27511	666	-	1	1	1	0	1
AG-903-C11	query	AG-903-C11_NODE_2	148132	41	AG-903-C11_00285	27641	28063	423	+	1	1	1	0	1
AG-903-C11	query	AG-903-C11_NODE_2	148132	41	AG-903-C11_00286	28063	29499	1437	+	1	1	1	0	1
AG-903-C11	query	AG-903-C11_NODE_2	148132	41	AG-903-C11_00287	29500	30234	735	+	1	1	1	0	1
AG-903-C11	query	AG-903-C11_NODE_2	148132	41	AG-903-C11_00288	30235	31479	1245	+	1	1	1	0	1
AG-903-C11	query	AG-903-C11_NODE_2	148132	41	AG-903-C11_00289	31479	32696	1218	+	1	1	1	0	1
AG-903-C11	query	AG-903-C11_NODE_2	148132	41	AG-903-C11_00290	32696	33160	465	+	1	1	1	0	1
AG-903-C11	query	AG-903-C11_NODE_2	148132	41	AG-903-C11_00291	33163	33459	297	+	1	1	1	0	1
AG-903-C11	query	AG-903-C11_NODE_2	148132	41	AG-903-C11_00292	33456	33791	336	+	1	1	1	0	1
AG-903-C11	query	AG-903-C11_NODE_2	148132	41	AG-903-C11_00293	33851	34015	165	+	1	1	1	0	1
AG-903-C11	query	AG-903-C11_NODE_2	148132	41	AG-903-C11_00294	34025	35431	1407	-	1	1	1	0	1
AG-903-C11	query	AG-903-C11_NODE_2	148132	41	AG-903-C11_00295	35577	36056	480	+	1	1	1	0	1
AG-903-C11	query	AG-903-C11_NODE_2	148132	41	AG-903-C11_00296	36053	36940	888	+	1	1	1	0	1
AG-903-C11	query	AG-903-C11_NODE_2	148132	41	AG-903-C11_00297	36933	37850	918	-	1	1	1	0	1
AG-903-C11	query	AG-903-C11_NODE_2	148132	41	AG-903-C11_00298	37843	38703	861	-	1	1	1	0	1
AG-903-C11	query	AG-903-C11_NODE_2	148132	41	AG-903-C11_00299	38822	39526	705	-	1	1	1	0	1
AG-903-C11	query	AG-903-C11_NODE_2	148132	41	AG-903-C11_00300	39526	40653	1128	-	1	1	1	0	1
AG-903-C11	query	AG-903-C11_NODE_2	148132	41	AG-903-C11_00301	40711	41634	924	-	1	1	1	0	1
AG-903-C11	query	AG-903-C11_NODE_2	148132	41	AG-903-C11_00302	41740	42753	1014	-	1	1	1	0	1
AG-903-C11	query	AG-903-C11_NODE_2	148132	41	AG-903-C11_00303	42738	43883	1146	-	1	1	1	0	1
AG-903-C11	query	AG-903-C11_NODE_2	148132	41	AG-903-C11_00304	43910	44812	903	+	1	1	1	0	1
AG-903-C11	query	AG-903-C11_NODE_2	148132	41	AG-903-C11_00305	44813	45313	501	-	1	1	1	0	1
AG-903-C11	query	AG-903-C11_NODE_2	148132	41	AG-903-C11_00306	45310	46269	960	-	1	1	1	0	1
AG-903-C11	query	AG-903-C11_NODE_2	148132	41	AG-903-C11_00307	46294	47085	792	-	1	1	1	0	1
AG-903-C11	query	AG-903-C11_NODE_2	148132	41	AG-903-C11_00308	47090	48532	1443	-	1	1	1	0	1
AG-903-C11	query	AG-903-C11_NODE_2	148132	41	AG-903-C11_00309	48585	50429	1845	+	1	1	1	0	1
AG-903-C11	query	AG-903-C11_NODE_2	148132	41	AG-903-C11_00310	50435	51589	1155	+	1	1	1	0	1
AG-903-C11	query	AG-903-C11_NODE_2	148132	41	AG-903-C11_00311	51593	52612	1020	+	1	1	1	0	1
AG-903-C11	query	AG-903-C11_NODE_2	148132	41	AG-903-C11_00312	52635	53384	750	+	1	1	1	0	1
AG-903-C11	query	AG-903-C11_NODE_2	148132	41	AG-903-C11_00313	53387	54400	1014	+	1	1	1	0	1
AG-903-C11	query	AG-903-C11_NODE_2	148132	41	AG-903-C11_00314	54508	55440	933	+	1	1	1	0	1
AG-903-C11	query	AG-903-C11_NODE_2	148132	41	AG-903-C11_00315	55515	55976	462	+	1	1	1	0	1
AG-903-C11	query	AG-903-C11_NODE_2	148132	41	AG-903-C11_00316	55981	56895	915	+	1	1	1	0	1
AG-903-C11	query	AG-903-C11_NODE_2	148132	41	AG-903-C11_00317	56898	57926	1029	+	1	1	1	0	1
AG-903-C11	query	AG-903-C11_NODE_2	148132	41	AG-903-C11_00318	57886	58836	951	+	1	1	1	0	1
AG-903-C11	query	AG-903-C11_NODE_2	148132	41	AG-903-C11_00319	58840	59700	861	+	1	1	1	0	1
AG-903-C11	query	AG-903-C11_NODE_2	148132	41	AG-903-C11_00320	59715	60557	843	+	1	1	1	0	1
AG-903-C11	query	AG-903-C11_NODE_2	148132	41	AG-903-C11_00321	60592	63273	2682	+	1	1	1	0	1
AG-903-C11	query	AG-903-C11_NODE_2	148132	41	AG-903-C11_00322	63274	63981	708	+	1	1	1	0	1
AG-903-C11	query	AG-903-C11_NODE_2	148132	41	AG-903-C11_00323	63984	64571	588	+	1	1	1	0	1
AG-903-C11	query	AG-903-C11_NODE_2	148132	41	AG-903-C11_00324	64561	65664	1104	-	1	1	1	0	1
AG-903-C11	query	AG-903-C11_NODE_2	148132	41	AG-903-C11_00325	65752	66555	804	+	1	1	1	0	1
AG-903-C11	query	AG-903-C11_NODE_2	148132	41	AG-903-C11_00326	66552	67277	726	+	1	1	1	0	1
AG-903-C11	query	AG-903-C11_NODE_2	148132	41	AG-903-C11_00327	67339	68901	1563	+	1	1	1	0	1
AG-903-C11	query	AG-903-C11_NODE_2	148132	41	AG-903-C11_00328	69000	69944	945	+	1	1	1	0	1
AG-903-C11	query	AG-903-C11_NODE_2	148132	41	AG-903-C11_00329	69937	70866	930	+	1	1	1	0	1
AG-903-C11	query	AG-903-C11_NODE_2	148132	41	AG-903-C11_00330	70863	72545	1683	+	1	1	1	0	1
AG-903-C11	query	AG-903-C11_NODE_2	148132	41	AG-903-C11_00331	72555	72947	393	+	1	1	1	0	1
AG-903-C11	query	AG-903-C11_NODE_2	148132	41	AG-903-C11_00332	72940	73500	561	+	1	1	1	0	1
AG-903-C11	query	AG-903-C11_NODE_2	148132	41	AG-903-C11_00333	73501	74415	915	-	1	1	1	0	1
AG-903-C11	query	AG-903-C11_NODE_2	148132	41	AG-903-C11_00334	74428	74649	222	-	1	1	1	0	1
AG-903-C11	query	AG-903-C11_NODE_2	148132	41	AG-903-C11_00335	74649	75524	876	-	1	1	1	0	1
AG-903-C11	query	AG-903-C11_NODE_2	148132	41	AG-903-C11_00336	75527	76798	1272	-	1	1	1	0	1
AG-903-C11	query	AG-903-C11_NODE_2	148132	41	AG-903-C11_00337	76795	77286	492	-	1	1	1	0	1
AG-903-C11	query	AG-903-C11_NODE_2	148132	41	AG-903-C11_00338	77311	78300	990	-	1	1	1	0	1
AG-903-C11	query	AG-903-C11_NODE_2	148132	41	AG-903-C11_00339	78376	79275	900	+	1	1	1	0	1
AG-903-C11	query	AG-903-C11_NODE_2	148132	41	AG-903-C11_00340	79272	79607	336	-	1	1	1	0	1
AG-903-C11	query	AG-903-C11_NODE_2	148132	41	AG-903-C11_00341	79604	79939	336	-	1	1	1	0	1
AG-903-C11	query	AG-903-C11_NODE_2	148132	41	AG-903-C11_00342	79932	80528	597	-	1	1	1	0	1
AG-903-C11	query	AG-903-C11_NODE_2	148132	41	AG-903-C11_00343	80529	80849	321	-	1	1	1	0	1
AG-903-C11	query	AG-903-C11_NODE_2	148132	41	AG-903-C11_00344	80861	81151	291	-	1	1	1	0	1
AG-903-C11	query	AG-903-C11_NODE_2	148132	41	AG-903-C11_00345	81175	81465	291	-	1	1	1	0	1
AG-903-C11	query	AG-903-C11_NODE_2	148132	41	AG-903-C11_00346	81493	81783	291	-	1	1	1	0	1
AG-903-C11	query	AG-903-C11_NODE_2	148132	41	AG-903-C11_00347	81797	82195	399	-	1	1	1	0	1
AG-903-C11	query	AG-903-C11_NODE_2	148132	41	AG-903-C11_00348	82202	82576	375	-	1	1	1	0	1
AG-903-C11	query	AG-903-C11_NODE_2	148132	41	AG-903-C11_00349	82659	83660	1002	-	1	1	1	0	1
AG-903-C11	query	AG-903-C11_NODE_2	148132	41	AG-903-C11_00350	83660	84235	576	-	1	1	1	0	1
AG-903-C11	query	AG-903-C11_NODE_2	148132	41	AG-903-C11_00351	84273	84968	696	-	1	1	1	0	1
AG-903-C11	query	AG-903-C11_NODE_2	148132	41	AG-903-C11_00352	85043	85702	660	+	1	1	1	0	1
AG-903-C11	query	AG-903-C11_NODE_2	148132	41	AG-903-C11_00353	85770	86357	588	+	1	1	1	0	1
AG-903-C11	query	AG-903-C11_NODE_2	148132	41	AG-903-C11_00354	86360	87061	702	-	1	1	1	0	1
AG-903-C11	query	AG-903-C11_NODE_2	148132	41	AG-903-C11_00355	87145	88314	1170	+	1	1	1	0	1
AG-903-C11	query	AG-903-C11_NODE_2	148132	41	AG-903-C11_00356	88317	88931	615	+	1	1	1	0	1
AG-903-C11	query	AG-903-C11_NODE_2	148132	41	AG-903-C11_00357	88921	89580	660	-	1	1	1	0	1
AG-903-C11	query	AG-903-C11_NODE_2	148132	41	AG-903-C11_00358	89580	90461	882	-	1	1	1	0	1
AG-903-C11	query	AG-903-C11_NODE_2	148132	41	AG-903-C11_00359	90462	91490	1029	-	1	1	1	0	1
AG-903-C11	query	AG-903-C11_NODE_2	148132	41	AG-903-C11_00360	91536	92771	1236	-	1	1	1	0	1
AG-903-C11	query	AG-903-C11_NODE_2	148132	41	AG-903-C11_00361	92830	93957	1128	-	1	1	1	0	1
AG-903-C11	query	AG-903-C11_NODE_2	148132	41	AG-903-C11_00362	93963	94922	960	-	1	1	1	0	1
AG-903-C11	query	AG-903-C11_NODE_2	148132	41	AG-903-C11_00363	94922	95860	939	-	1	1	1	0	1
AG-903-C11	query	AG-903-C11_NODE_2	148132	41	AG-903-C11_00364	95902	96978	1077	+	1	1	1	0	1
AG-903-C11	query	AG-903-C11_NODE_2	148132	41	AG-903-C11_00365	96992	98278	1287	-	1	1	1	0	1
AG-903-C11	query	AG-903-C11_NODE_2	148132	41	AG-903-C11_00366	98338	99249	912	-	1	1	1	0	1
AG-903-C11	query	AG-903-C11_NODE_2	148132	41	AG-903-C11_00367	99334	100182	849	+	1	1	1	0	1
AG-903-C11	query	AG-903-C11_NODE_2	148132	41	AG-903-C11_00368	100175	101137	963	-	1	1	1	0	1
AG-903-C11	query	AG-903-C11_NODE_2	148132	41	AG-903-C11_00369	101238	101444	207	+	1	1	1	0	1
AG-903-C11	query	AG-903-C11_NODE_2	148132	41	AG-903-C11_00370	101441	102445	1005	-	1	1	1	0	1
AG-903-C11	query	AG-903-C11_NODE_2	148132	41	AG-903-C11_00371	102596	103633	1038	+	1	1	1	0	1
AG-903-C11	query	AG-903-C11_NODE_2	148132	41	AG-903-C11_00372	103642	105840	2199	+	1	1	1	0	1
AG-903-C11	query	AG-903-C11_NODE_2	148132	41	AG-903-C11_00373	105840	106895	1056	+	1	1	1	0	1
AG-903-C11	query	AG-903-C11_NODE_2	148132	41	AG-903-C11_00374	106899	108824	1926	-	1	1	1	0	1
AG-903-C11	query	AG-903-C11_NODE_2	148132	41	AG-903-C11_00375	108825	109622	798	-	1	1	1	0	1
AG-903-C11	query	AG-903-C11_NODE_2	148132	41	AG-903-C11_00376	109705	110646	942	-	1	1	1	0	1
AG-903-C11	query	AG-903-C11_NODE_2	148132	41	AG-903-C11_00377	110820	112181	1362	+	1	1	1	0	1
AG-903-C11	query	AG-903-C11_NODE_2	148132	41	AG-903-C11_00378	112191	113309	1119	+	1	1	1	0	1
AG-903-C11	query	AG-903-C11_NODE_2	148132	41	AG-903-C11_00379	113464	113838	375	-	1	1	1	0	1
AG-903-C11	query	AG-903-C11_NODE_2	148132	41	AG-903-C11_00380	113852	114379	528	-	1	1	1	0	1
AG-903-C11	query	AG-903-C11_NODE_2	148132	41	AG-903-C11_00381	114417	114842	426	+	1	1	1	0	1
AG-903-C11	query	AG-903-C11_NODE_2	148132	41	AG-903-C11_00382	114842	115270	429	+	1	1	1	0	1
AG-903-C11	query	AG-903-C11_NODE_2	148132	41	AG-903-C11_00383	115267	115710	444	+	1	1	1	0	1
AG-903-C11	query	AG-903-C11_NODE_2	148132	41	AG-903-C11_00384	115744	116679	936	+	1	1	1	0	1
AG-903-C11	query	AG-903-C11_NODE_2	148132	41	AG-903-C11_00385	116669	117436	768	+	1	1	1	0	1
AG-903-C11	query	AG-903-C11_NODE_2	148132	41	AG-903-C11_00386	117785	118528	744	+	1	1	1	0	1
AG-903-C11	query	AG-903-C11_NODE_2	148132	41	AG-903-C11_00387	118609	120039	1431	+	1	1	1	0	1
AG-903-C11	query	AG-903-C11_NODE_2	148132	41	AG-903-C11_00388	120081	121190	1110	+	1	1	1	0	1
AG-903-C11	query	AG-903-C11_NODE_2	148132	41	AG-903-C11_00389	121343	121618	276	+	1	1	1	0	1
AG-903-C11	query	AG-903-C11_NODE_2	148132	41	AG-903-C11_00390	121768	123069	1302	+	1	1	1	0	1
AG-903-C11	query	AG-903-C11_NODE_2	148132	41	AG-903-C11_00391	123126	123587	462	-	1	1	1	0	1
AG-903-C11	query	AG-903-C11_NODE_2	148132	41	AG-903-C11_00392	123580	124548	969	-	1	1	1	0	1
AG-903-C11	query	AG-903-C11_NODE_2	148132	41	AG-903-C11_00393	124578	124964	387	+	1	1	1	0	1
AG-903-C11	query	AG-903-C11_NODE_2	148132	41	AG-903-C11_00394	124967	125440	474	-	1	1	1	0	1
AG-903-C11	query	AG-903-C11_NODE_2	148132	41	AG-903-C11_00395	125468	126031	564	+	1	1	1	0	1
AG-903-C11	query	AG-903-C11_NODE_2	148132	41	AG-903-C11_00396	126015	126164	150	-	1	1	1	0	1
AG-903-C11	query	AG-903-C11_NODE_2	148132	41	AG-903-C11_00397	126164	126934	771	-	1	1	1	0	1
AG-903-C11	query	AG-903-C11_NODE_2	148132	41	AG-903-C11_00398	126935	127102	168	-	1	1	1	0	1
AG-903-C11	query	AG-903-C11_NODE_2	148132	41	AG-903-C11_00399	127144	128262	1119	+	1	1	1	0	1
AG-903-C11	query	AG-903-C11_NODE_2	148132	41	AG-903-C11_00400	128428	129606	1179	+	1	1	1	0	1
AG-903-C11	query	AG-903-C11_NODE_2	148132	41	AG-903-C11_00401	129603	130823	1221	+	1	1	1	0	1
AG-903-C11	query	AG-903-C11_NODE_2	148132	41	AG-903-C11_00402	130801	132015	1215	+	1	1	1	0	1
AG-903-C11	query	AG-903-C11_NODE_2	148132	41	AG-903-C11_00403	132012	132578	567	+	1	1	1	0	1
AG-903-C11	query	AG-903-C11_NODE_2	148132	41	AG-903-C11_00404	132532	133308	777	+	1	1	1	0	1
AG-903-C11	query	AG-903-C11_NODE_2	148132	41	AG-903-C11_00405	133305	133703	399	+	1	1	1	0	1
AG-903-C11	query	AG-903-C11_NODE_2	148132	41	AG-903-C11_00406	133810	134604	795	+	1	1	1	0	1
AG-903-C11	query	AG-903-C11_NODE_2	148132	41	AG-903-C11_00407	134644	135114	471	+	1	1	1	0	1
AG-903-C11	query	AG-903-C11_NODE_2	148132	41	AG-903-C11_00408	135114	136973	1860	+	1	1	1	0	1
AG-903-C11	query	AG-903-C11_NODE_2	148132	41	AG-903-C11_00409	136983	137333	351	+	1	1	1	0	1
AG-903-C11	query	AG-903-C11_NODE_2	148132	41	AG-903-C11_00410	137583	138668	1086	+	1	1	1	0	1
AG-903-C11	query	AG-903-C11_NODE_2	148132	41	AG-903-C11_00411	138665	139831	1167	-	1	1	1	0	1
AG-903-C11	query	AG-903-C11_NODE_2	148132	41	AG-903-C11_00412	139833	140120	288	-	1	1	1	0	1
AG-903-C11	query	AG-903-C11_NODE_2	148132	41	AG-903-C11_00413	140211	141995	1785	+	1	1	1	0	1
AG-903-C11	query	AG-903-C11_NODE_2	148132	41	AG-903-C11_00414	142020	142877	858	+	1	1	1	0	1
AG-903-C11	query	AG-903-C11_NODE_2	148132	41	AG-903-C11_00415	142874	143080	207	+	1	1	1	0	1
AG-903-C11	query	AG-903-C11_NODE_2	148132	41	AG-903-C11_00416	143080	144225	1146	+	1	1	1	0	1
AG-903-C11	query	AG-903-C11_NODE_2	148132	41	AG-903-C11_00417	144574	144765	192	+	1	1	1	0	1
AG-903-C11	query	AG-903-C11_NODE_2	148132	41	AG-903-C11_00418	144775	146232	1458	+	1	1	1	0	1
AG-903-C11	query	AG-903-C11_NODE_20	13835	41	AG-903-C11_01170	4311	5006	696	-	1	1	1	0	1
AG-903-C11	query	AG-903-C11_NODE_20	13835	41	AG-903-C11_01171	5006	5482	477	-	1	1	1	0	1
AG-903-C11	query	AG-903-C11_NODE_20	13835	41	AG-903-C11_01172	5497	6855	1359	-	1	1	1	0	1
AG-903-C11	query	AG-903-C11_NODE_20	13835	41	AG-903-C11_01173	7015	7839	825	+	1	1	1	0	1
AG-903-C11	query	AG-903-C11_NODE_20	13835	41	AG-903-C11_01174	7839	8756	918	+	1	1	1	0	1
AG-903-C11	query	AG-903-C11_NODE_20	13835	41	AG-903-C11_01175	8749	9312	564	-	1	1	1	0	1
AG-903-C11	query	AG-903-C11_NODE_20	13835	41	AG-903-C11_01176	9361	10155	795	-	1	1	1	0	1
AG-903-C11	query	AG-903-C11_NODE_20	13835	41	AG-903-C11_01177	10157	11059	903	-	1	1	1	0	1
AG-903-C11	query	AG-903-C11_NODE_20	13835	41	AG-903-C11_01178	11052	12260	1209	-	1	1	1	0	1
AG-903-C11	query	AG-903-C11_NODE_20	13835	41	AG-903-C11_01179	12299	12463	165	-	1	1	1	0	1
AG-903-C11	query	AG-903-C11_NODE_21	13209	41	AG-903-C11_01180	1080	1853	774	-	1	1	1	0	1
AG-903-C11	query	AG-903-C11_NODE_21	13209	41	AG-903-C11_01181	1863	2651	789	-	1	1	1	0	1
AG-903-C11	query	AG-903-C11_NODE_21	13209	41	AG-903-C11_01182	2651	3409	759	-	1	1	1	0	1
AG-903-C11	query	AG-903-C11_NODE_21	13209	41	AG-903-C11_01183	3410	3988	579	-	1	1	1	0	1
AG-903-C11	query	AG-903-C11_NODE_21	13209	41	AG-903-C11_01184	3985	5589	1605	-	1	1	1	0	1
AG-903-C11	query	AG-903-C11_NODE_21	13209	41	AG-903-C11_01185	5725	6822	1098	+	1	1	1	0	1
AG-903-C11	query	AG-903-C11_NODE_21	13209	41	AG-903-C11_01186	6876	7481	606	+	1	1	1	0	1
AG-903-C11	query	AG-903-C11_NODE_21	13209	41	AG-903-C11_01187	7481	8818	1338	+	1	1	1	0	1
AG-903-C11	query	AG-903-C11_NODE_21	13209	41	AG-903-C11_01188	8841	10295	1455	+	1	1	1	0	1
AG-903-C11	query	AG-903-C11_NODE_21	13209	41	AG-903-C11_01189	10298	11302	1005	+	1	1	1	0	1
AG-903-C11	query	AG-903-C11_NODE_21	13209	41	AG-903-C11_01190	11526	12179	654	+	1	1	1	0	1
AG-903-C11	query	AG-903-C11_NODE_21	13209	41	AG-903-C11_01191	12199	12591	393	+	1	1	1	0	1
AG-903-C11	query	AG-903-C11_NODE_21	13209	41	AG-903-C11_01192	12583	13149	567	-	1	1	1	0	1
AG-903-C11	query	AG-903-C11_NODE_22	10272	41	AG-903-C11_01193	102	1055	954	+	1	1	1	0	1
AG-903-C11	query	AG-903-C11_NODE_22	10272	41	AG-903-C11_01194	1076	2509	1434	+	1	1	1	0	1
AG-903-C11	query	AG-903-C11_NODE_22	10272	41	AG-903-C11_01195	2506	3693	1188	-	1	1	1	0	1
AG-903-C11	query	AG-903-C11_NODE_22	10272	41	AG-903-C11_01197	4061	4651	591	+	1	1	1	0	1
AG-903-C11	query	AG-903-C11_NODE_22	10272	41	AG-903-C11_01198	4591	7323	2733	+	1	1	1	0	1
AG-903-C11	query	AG-903-C11_NODE_23	9702	41	AG-903-C11_01202	29	988	960	+	1	1	1	0	1
AG-903-C11	query	AG-903-C11_NODE_23	9702	41	AG-903-C11_01203	988	2235	1248	+	1	1	1	0	1
AG-903-C11	query	AG-903-C11_NODE_23	9702	41	AG-903-C11_01204	2210	2743	534	+	1	1	1	0	1
AG-903-C11	query	AG-903-C11_NODE_23	9702	41	AG-903-C11_01205	2761	3111	351	+	1	1	1	0	1
AG-903-C11	query	AG-903-C11_NODE_23	9702	41	AG-903-C11_01206	3108	4241	1134	+	1	1	1	0	1
AG-903-C11	query	AG-903-C11_NODE_23	9702	41	AG-903-C11_01207	4244	4720	477	+	1	1	1	0	1
AG-903-C11	query	AG-903-C11_NODE_23	9702	41	AG-903-C11_01208	4713	5111	399	-	1	1	1	0	1
AG-903-C11	query	AG-903-C11_NODE_23	9702	41	AG-903-C11_01209	5111	6532	1422	-	1	1	1	0	1
AG-903-C11	query	AG-903-C11_NODE_23	9702	41	AG-903-C11_01210	6535	7416	882	-	1	1	1	0	1
AG-903-C11	query	AG-903-C11_NODE_23	9702	41	AG-903-C11_01211	7423	8943	1521	-	1	1	1	0	1
AG-903-C11	query	AG-903-C11_NODE_23	9702	41	AG-903-C11_01212	8944	9498	555	-	1	1	1	0	1
AG-903-C11	query	AG-903-C11_NODE_24	6876	41	AG-903-C11_01213	99	452	354	+	1	1	1	0	1
AG-903-C11	query	AG-903-C11_NODE_24	6876	41	AG-903-C11_01214	510	986	477	-	1	1	1	0	1
AG-903-C11	query	AG-903-C11_NODE_24	6876	41	AG-903-C11_01215	1047	1568	522	+	1	1	1	0	1
AG-903-C11	query	AG-903-C11_NODE_24	6876	41	AG-903-C11_01216	1571	2842	1272	+	1	1	1	0	1
AG-903-C11	query	AG-903-C11_NODE_24	6876	41	AG-903-C11_01217	2839	3621	783	+	1	1	1	0	1
AG-903-C11	query	AG-903-C11_NODE_24	6876	41	AG-903-C11_01218	3598	4671	1074	-	1	1	1	0	1
AG-903-C11	query	AG-903-C11_NODE_24	6876	41	AG-903-C11_01219	4672	5232	561	-	1	1	1	0	1
AG-903-C11	query	AG-903-C11_NODE_24	6876	41	AG-903-C11_01220	5261	5977	717	-	1	1	1	0	1
AG-903-C11	query	AG-903-C11_NODE_24	6876	41	AG-903-C11_01221	6023	6763	741	-	1	1	1	0	1
AG-903-C11	query	AG-903-C11_NODE_25	5953	41	AG-903-C11_01222	71	718	648	-	1	1	1	0	1
AG-903-C11	query	AG-903-C11_NODE_25	5953	41	AG-903-C11_01223	711	2177	1467	-	1	1	1	0	1
AG-903-C11	query	AG-903-C11_NODE_25	5953	41	AG-903-C11_01224	2170	3630	1461	-	1	1	1	0	1
AG-903-C11	query	AG-903-C11_NODE_25	5953	41	AG-903-C11_01225	3630	3917	288	-	1	1	1	0	1
AG-903-C11	query	AG-903-C11_NODE_25	5953	41	AG-903-C11_01226	3967	4422	456	+	1	1	1	0	1
AG-903-C11	query	AG-903-C11_NODE_25	5953	41	AG-903-C11_01227	4444	5403	960	+	1	1	1	0	1
AG-903-C11	query	AG-903-C11_NODE_26	5598	41	AG-903-C11_01228	115	642	528	+	1	1	1	0	1
AG-903-C11	query	AG-903-C11_NODE_26	5598	41	AG-903-C11_01229	795	1460	666	-	1	1	1	0	1
AG-903-C11	query	AG-903-C11_NODE_26	5598	41	AG-903-C11_01230	1600	1731	132	+	1	1	1	0	1
AG-903-C11	query	AG-903-C11_NODE_26	5598	41	AG-903-C11_01231	1770	3587	1818	+	1	1	1	0	1
AG-903-C11	query	AG-903-C11_NODE_26	5598	41	AG-903-C11_01232	3612	4118	507	-	1	1	1	0	1
AG-903-C11	query	AG-903-C11_NODE_26	5598	41	AG-903-C11_01233	4119	5492	1374	-	1	1	1	0	1
AG-903-C11	query	AG-903-C11_NODE_27	5562	41	AG-903-C11_01236	1753	2865	1113	-	1	1	1	0	1
AG-903-C11	query	AG-903-C11_NODE_27	5562	41	AG-903-C11_01237	2858	3976	1119	-	1	1	1	0	1
AG-903-C11	query	AG-903-C11_NODE_27	5562	41	AG-903-C11_01238	3986	4993	1008	-	1	1	1	0	1
AG-903-C11	query	AG-903-C11_NODE_27	5562	41	AG-903-C11_01239	4994	5422	429	-	1	1	1	0	1
AG-903-C11	query	AG-903-C11_NODE_3	98839	41	AG-903-C11_00419	46	597	552	+	1	1	1	0	1
AG-903-C11	query	AG-903-C11_NODE_3	98839	41	AG-903-C11_00420	604	1653	1050	+	1	1	1	0	1
AG-903-C11	query	AG-903-C11_NODE_3	98839	41	AG-903-C11_00421	1656	2543	888	+	1	1	1	0	1
AG-903-C11	query	AG-903-C11_NODE_3	98839	41	AG-903-C11_00422	2569	2976	408	+	1	1	1	0	1
AG-903-C11	query	AG-903-C11_NODE_3	98839	41	AG-903-C11_00423	2978	3790	813	+	1	1	1	0	1
AG-903-C11	query	AG-903-C11_NODE_3	98839	41	AG-903-C11_00424	3787	5079	1293	+	1	1	1	0	1
AG-903-C11	query	AG-903-C11_NODE_3	98839	41	AG-903-C11_00425	5092	5982	891	-	1	1	1	0	1
AG-903-C11	query	AG-903-C11_NODE_3	98839	41	AG-903-C11_00426	6026	7006	981	-	1	1	1	0	1
AG-903-C11	query	AG-903-C11_NODE_3	98839	41	AG-903-C11_00428	7107	7883	777	-	1	1	1	0	1
AG-903-C11	query	AG-903-C11_NODE_3	98839	41	AG-903-C11_00429	7885	8622	738	-	1	1	1	0	1
AG-903-C11	query	AG-903-C11_NODE_3	98839	41	AG-903-C11_00430	8619	9554	936	-	1	1	1	0	1
AG-903-C11	query	AG-903-C11_NODE_3	98839	41	AG-903-C11_00431	9575	9814	240	+	1	1	1	0	1
AG-903-C11	query	AG-903-C11_NODE_3	98839	41	AG-903-C11_00432	9811	10680	870	+	1	1	1	0	1
AG-903-C11	query	AG-903-C11_NODE_3	98839	41	AG-903-C11_00433	10681	12591	1911	+	1	1	1	0	1
AG-903-C11	query	AG-903-C11_NODE_3	98839	41	AG-903-C11_00434	12588	13673	1086	-	1	1	1	0	1
AG-903-C11	query	AG-903-C11_NODE_3	98839	41	AG-903-C11_00435	13706	14329	624	+	1	1	1	0	1
AG-903-C11	query	AG-903-C11_NODE_3	98839	41	AG-903-C11_00436	14326	15339	1014	-	1	1	1	0	1
AG-903-C11	query	AG-903-C11_NODE_3	98839	41	AG-903-C11_00437	15448	16254	807	+	1	1	1	0	1
AG-903-C11	query	AG-903-C11_NODE_3	98839	41	AG-903-C11_00438	16244	17128	885	+	1	1	1	0	1
AG-903-C11	query	AG-903-C11_NODE_3	98839	41	AG-903-C11_00439	17130	19193	2064	+	1	1	1	0	1
AG-903-C11	query	AG-903-C11_NODE_3	98839	41	AG-903-C11_00440	19194	21857	2664	+	1	1	1	0	1
AG-903-C11	query	AG-903-C11_NODE_3	98839	41	AG-903-C11_00441	21861	22697	837	-	1	1	1	0	1
AG-903-C11	query	AG-903-C11_NODE_3	98839	41	AG-903-C11_00442	22703	23692	990	-	1	1	1	0	1
AG-903-C11	query	AG-903-C11_NODE_3	98839	41	AG-903-C11_00445	24156	25103	948	+	1	1	1	0	1
AG-903-C11	query	AG-903-C11_NODE_3	98839	41	AG-903-C11_00446	25084	25908	825	-	1	1	1	0	1
AG-903-C11	query	AG-903-C11_NODE_3	98839	41	AG-903-C11_00447	25963	27054	1092	+	1	1	1	0	1
AG-903-C11	query	AG-903-C11_NODE_3	98839	41	AG-903-C11_00448	27056	27925	870	+	1	1	1	0	1
AG-903-C11	query	AG-903-C11_NODE_3	98839	41	AG-903-C11_00449	27931	28116	186	+	1	1	1	0	1
AG-903-C11	query	AG-903-C11_NODE_3	98839	41	AG-903-C11_00450	28113	29516	1404	+	1	1	1	0	1
AG-903-C11	query	AG-903-C11_NODE_3	98839	41	AG-903-C11_00451	29516	30436	921	+	1	1	1	0	1
AG-903-C11	query	AG-903-C11_NODE_3	98839	41	AG-903-C11_00452	30478	32244	1767	+	1	1	1	0	1
AG-903-C11	query	AG-903-C11_NODE_3	98839	41	AG-903-C11_00453	32244	32792	549	+	1	1	1	0	1
AG-903-C11	query	AG-903-C11_NODE_3	98839	41	AG-903-C11_00454	32811	33833	1023	+	1	1	1	0	1
AG-903-C11	query	AG-903-C11_NODE_3	98839	41	AG-903-C11_00455	33897	35492	1596	+	1	1	1	0	1
AG-903-C11	query	AG-903-C11_NODE_3	98839	41	AG-903-C11_00456	35497	36528	1032	+	1	1	1	0	1
AG-903-C11	query	AG-903-C11_NODE_3	98839	41	AG-903-C11_00457	36534	37370	837	+	1	1	1	0	1
AG-903-C11	query	AG-903-C11_NODE_3	98839	41	AG-903-C11_00458	37372	37893	522	+	1	1	1	0	1
AG-903-C11	query	AG-903-C11_NODE_3	98839	41	AG-903-C11_00459	37883	39832	1950	+	1	1	1	0	1
AG-903-C11	query	AG-903-C11_NODE_3	98839	41	AG-903-C11_00460	39832	40962	1131	+	1	1	1	0	1
AG-903-C11	query	AG-903-C11_NODE_3	98839	41	AG-903-C11_00461	40963	42252	1290	-	1	1	1	0	1
AG-903-C11	query	AG-903-C11_NODE_3	98839	41	AG-903-C11_00462	42421	43185	765	+	1	1	1	0	1
AG-903-C11	query	AG-903-C11_NODE_3	98839	41	AG-903-C11_00463	43198	44082	885	+	1	1	1	0	1
AG-903-C11	query	AG-903-C11_NODE_3	98839	41	AG-903-C11_00464	44075	44995	921	+	1	1	1	0	1
AG-903-C11	query	AG-903-C11_NODE_3	98839	41	AG-903-C11_00465	44982	46877	1896	+	1	1	1	0	1
AG-903-C11	query	AG-903-C11_NODE_3	98839	41	AG-903-C11_00466	46866	49514	2649	-	1	1	1	0	1
AG-903-C11	query	AG-903-C11_NODE_3	98839	41	AG-903-C11_00467	49528	53676	4149	-	1	1	1	0	1
AG-903-C11	query	AG-903-C11_NODE_3	98839	41	AG-903-C11_00468	53679	54236	558	-	1	1	1	0	1
AG-903-C11	query	AG-903-C11_NODE_3	98839	41	AG-903-C11_00469	54282	54974	693	-	1	1	1	0	1
AG-903-C11	query	AG-903-C11_NODE_3	98839	41	AG-903-C11_00470	54974	55810	837	-	1	1	1	0	1
AG-903-C11	query	AG-903-C11_NODE_3	98839	41	AG-903-C11_00471	55810	56385	576	-	1	1	1	0	1
AG-903-C11	query	AG-903-C11_NODE_3	98839	41	AG-903-C11_00472	56357	57010	654	-	1	1	1	0	1
AG-903-C11	query	AG-903-C11_NODE_3	98839	41	AG-903-C11_00473	56988	58064	1077	-	1	1	1	0	1
AG-903-C11	query	AG-903-C11_NODE_3	98839	41	AG-903-C11_00474	58132	59850	1719	+	1	1	1	0	1
AG-903-C11	query	AG-903-C11_NODE_3	98839	41	AG-903-C11_00475	59850	60488	639	+	1	1	1	0	1
AG-903-C11	query	AG-903-C11_NODE_3	98839	41	AG-903-C11_00476	60475	60921	447	+	1	1	1	0	1
AG-903-C11	query	AG-903-C11_NODE_3	98839	41	AG-903-C11_00477	60911	62464	1554	+	1	1	1	0	1
AG-903-C11	query	AG-903-C11_NODE_3	98839	41	AG-903-C11_00478	62464	64212	1749	+	1	1	1	0	1
AG-903-C11	query	AG-903-C11_NODE_3	98839	41	AG-903-C11_00479	64216	65457	1242	+	1	1	1	0	1
AG-903-C11	query	AG-903-C11_NODE_3	98839	41	AG-903-C11_00480	65454	65885	432	-	1	1	1	0	1
AG-903-C11	query	AG-903-C11_NODE_3	98839	41	AG-903-C11_00481	65889	66188	300	-	1	1	1	0	1
AG-903-C11	query	AG-903-C11_NODE_3	98839	41	AG-903-C11_00482	66330	66800	471	+	1	1	1	0	1
AG-903-C11	query	AG-903-C11_NODE_3	98839	41	AG-903-C11_00483	66824	67240	417	+	1	1	1	0	1
AG-903-C11	query	AG-903-C11_NODE_3	98839	41	AG-903-C11_00484	67248	67493	246	+	1	1	1	0	1
AG-903-C11	query	AG-903-C11_NODE_3	98839	41	AG-903-C11_00485	67558	69708	2151	+	1	1	1	0	1
AG-903-C11	query	AG-903-C11_NODE_3	98839	41	AG-903-C11_00486	69788	70117	330	+	1	1	1	0	1
AG-903-C11	query	AG-903-C11_NODE_3	98839	41	AG-903-C11_00487	70128	72365	2238	+	1	1	1	0	1
AG-903-C11	query	AG-903-C11_NODE_3	98839	41	AG-903-C11_00488	72566	73807	1242	+	1	1	1	0	1
AG-903-C11	query	AG-903-C11_NODE_3	98839	41	AG-903-C11_00489	73835	74740	906	+	1	1	1	0	1
AG-903-C11	query	AG-903-C11_NODE_3	98839	41	AG-903-C11_00490	74733	75683	951	+	1	1	1	0	1
AG-903-C11	query	AG-903-C11_NODE_3	98839	41	AG-903-C11_00491	75743	78397	2655	+	1	1	1	0	1
AG-903-C11	query	AG-903-C11_NODE_3	98839	41	AG-903-C11_00492	78413	79306	894	+	1	1	1	0	1
AG-903-C11	query	AG-903-C11_NODE_3	98839	41	AG-903-C11_00493	79306	79674	369	+	1	1	1	0	1
AG-903-C11	query	AG-903-C11_NODE_3	98839	41	AG-903-C11_00494	79711	80601	891	+	1	1	1	0	1
AG-903-C11	query	AG-903-C11_NODE_3	98839	41	AG-903-C11_00495	80588	81310	723	+	1	1	1	0	1
AG-903-C11	query	AG-903-C11_NODE_3	98839	41	AG-903-C11_00496	81315	81569	255	-	1	1	1	0	1
AG-903-C11	query	AG-903-C11_NODE_3	98839	41	AG-903-C11_00497	81602	81898	297	-	1	1	1	0	1
AG-903-C11	query	AG-903-C11_NODE_3	98839	41	AG-903-C11_00498	82064	82633	570	+	1	1	1	0	1
AG-903-C11	query	AG-903-C11_NODE_3	98839	41	AG-903-C11_00499	82718	83956	1239	+	1	1	1	0	1
AG-903-C11	query	AG-903-C11_NODE_3	98839	41	AG-903-C11_00500	84019	84912	894	+	1	1	1	0	1
AG-903-C11	query	AG-903-C11_NODE_3	98839	41	AG-903-C11_00501	84909	85091	183	+	1	1	1	0	1
AG-903-C11	query	AG-903-C11_NODE_3	98839	41	AG-903-C11_00502	85078	86130	1053	+	1	1	1	0	1
AG-903-C11	query	AG-903-C11_NODE_3	98839	41	AG-903-C11_00503	86127	86867	741	+	1	1	1	0	1
AG-903-C11	query	AG-903-C11_NODE_3	98839	41	AG-903-C11_00504	86867	87652	786	+	1	1	1	0	1
AG-903-C11	query	AG-903-C11_NODE_3	98839	41	AG-903-C11_00505	87649	88353	705	+	1	1	1	0	1
AG-903-C11	query	AG-903-C11_NODE_3	98839	41	AG-903-C11_00506	88343	88669	327	+	1	1	1	0	1
AG-903-C11	query	AG-903-C11_NODE_3	98839	41	AG-903-C11_00507	88670	89176	507	+	1	1	1	0	1
AG-903-C11	query	AG-903-C11_NODE_3	98839	41	AG-903-C11_00508	89182	90102	921	+	1	1	1	0	1
AG-903-C11	query	AG-903-C11_NODE_3	98839	41	AG-903-C11_00509	90136	90903	768	+	1	1	1	0	1
AG-903-C11	query	AG-903-C11_NODE_3	98839	41	AG-903-C11_00510	90905	91693	789	+	1	1	1	0	1
AG-903-C11	query	AG-903-C11_NODE_3	98839	41	AG-903-C11_00511	91693	92400	708	+	1	1	1	0	1
AG-903-C11	query	AG-903-C11_NODE_3	98839	41	AG-903-C11_00512	92400	93410	1011	+	1	1	1	0	1
AG-903-C11	query	AG-903-C11_NODE_3	98839	41	AG-903-C11_00513	93407	94777	1371	+	1	1	1	0	1
AG-903-C11	query	AG-903-C11_NODE_3	98839	41	AG-903-C11_00514	94889	96118	1230	-	1	1	1	0	1
AG-903-C11	query	AG-903-C11_NODE_3	98839	41	AG-903-C11_00515	96230	97177	948	-	1	1	1	0	1
AG-903-C11	query	AG-903-C11_NODE_3	98839	41	AG-903-C11_00516	97236	97712	477	+	1	1	1	0	1
AG-903-C11	query	AG-903-C11_NODE_3	98839	41	AG-903-C11_00517	97705	98829	1125	-	1	1	1	0	1
AG-903-C11	query	AG-903-C11_NODE_30	4355	41	AG-903-C11_01250	107	1417	1311	+	1	1	1	0	1
AG-903-C11	query	AG-903-C11_NODE_30	4355	41	AG-903-C11_01251	1419	1751	333	-	1	1	1	0	1
AG-903-C11	query	AG-903-C11_NODE_30	4355	41	AG-903-C11_01252	1751	3646	1896	-	1	1	1	0	1
AG-903-C11	query	AG-903-C11_NODE_30	4355	41	AG-903-C11_01253	3776	4096	321	-	1	1	1	0	1
AG-903-C11	query	AG-903-C11_NODE_31	4314	41	AG-903-C11_01254	460	1614	1155	+	1	1	1	0	1
AG-903-C11	query	AG-903-C11_NODE_31	4314	41	AG-903-C11_01255	3281	3478	198	-	1	1	1	0	1
AG-903-C11	query	AG-903-C11_NODE_32	4171	41	AG-903-C11_01256	250	693	444	-	1	1	1	0	1
AG-903-C11	query	AG-903-C11_NODE_32	4171	41	AG-903-C11_01257	753	1634	882	+	1	1	1	0	1
AG-903-C11	query	AG-903-C11_NODE_32	4171	41	AG-903-C11_01258	1631	2215	585	-	1	1	1	0	1
AG-903-C11	query	AG-903-C11_NODE_32	4171	41	AG-903-C11_01259	2212	4047	1836	-	1	1	1	0	1
AG-903-C11	query	AG-903-C11_NODE_33	3860	41	AG-903-C11_01260	453	1457	1005	-	1	1	1	0	1
AG-903-C11	query	AG-903-C11_NODE_33	3860	41	AG-903-C11_01261	1547	2035	489	-	1	1	1	0	1
AG-903-C11	query	AG-903-C11_NODE_33	3860	41	AG-903-C11_01262	2135	3481	1347	-	1	1	1	0	1
AG-903-C11	query	AG-903-C11_NODE_33	3860	41	AG-903-C11_01263	3481	3810	330	-	1	1	1	0	1
AG-903-C11	query	AG-903-C11_NODE_34	3404	41	AG-903-C11_01264	302	769	468	-	1	1	1	0	1
AG-903-C11	query	AG-903-C11_NODE_34	3404	41	AG-903-C11_01265	774	1634	861	-	1	1	1	0	1
AG-903-C11	query	AG-903-C11_NODE_34	3404	41	AG-903-C11_01266	1694	2581	888	+	1	1	1	0	1
AG-903-C11	query	AG-903-C11_NODE_35	2611	41	AG-903-C11_01267	406	885	480	-	1	1	1	0	1
AG-903-C11	query	AG-903-C11_NODE_35	2611	41	AG-903-C11_01268	990	2183	1194	+	1	1	1	0	1
AG-903-C11	query	AG-903-C11_NODE_36	2419	41	AG-903-C11_01271	602	1417	816	-	1	1	1	0	1
AG-903-C11	query	AG-903-C11_NODE_36	2419	41	AG-903-C11_01272	1540	1833	294	+	1	1	1	0	1
AG-903-C11	query	AG-903-C11_NODE_37	2492	41	AG-903-C11_01269	78	959	882	+	1	1	1	0	1
AG-903-C11	query	AG-903-C11_NODE_37	2492	41	AG-903-C11_01270	1018	1845	828	+	1	1	1	0	1
AG-903-C11	query	AG-903-C11_NODE_38	2301	41	AG-903-C11_01273	381	1514	1134	-	1	1	1	0	1
AG-903-C11	query	AG-903-C11_NODE_39	2279	41	AG-903-C11_01274	163	642	480	+	1	1	1	0	1
AG-903-C11	query	AG-903-C11_NODE_39	2279	41	AG-903-C11_01275	703	1581	879	+	1	1	1	0	1
AG-903-C11	query	AG-903-C11_NODE_4	72319	41	AG-903-C11_00518	21	335	315	+	1	1	1	0	1
AG-903-C11	query	AG-903-C11_NODE_4	72319	41	AG-903-C11_00519	335	1015	681	+	1	1	1	0	1
AG-903-C11	query	AG-903-C11_NODE_4	72319	41	AG-903-C11_00520	1007	1993	987	-	1	1	1	0	1
AG-903-C11	query	AG-903-C11_NODE_4	72319	41	AG-903-C11_00521	2064	2654	591	+	1	1	1	0	1
AG-903-C11	query	AG-903-C11_NODE_4	72319	41	AG-903-C11_00522	2656	3081	426	+	1	1	1	0	1
AG-903-C11	query	AG-903-C11_NODE_4	72319	41	AG-903-C11_00523	3090	4400	1311	+	1	1	1	0	1
AG-903-C11	query	AG-903-C11_NODE_4	72319	41	AG-903-C11_00524	4407	4865	459	+	1	1	1	0	1
AG-903-C11	query	AG-903-C11_NODE_4	72319	41	AG-903-C11_00525	4846	5940	1095	+	1	1	1	0	1
AG-903-C11	query	AG-903-C11_NODE_4	72319	41	AG-903-C11_00526	5941	6534	594	+	1	1	1	0	1
AG-903-C11	query	AG-903-C11_NODE_4	72319	41	AG-903-C11_00527	6521	7624	1104	+	1	1	1	0	1
AG-903-C11	query	AG-903-C11_NODE_4	72319	41	AG-903-C11_00528	7621	8007	387	+	1	1	1	0	1
AG-903-C11	query	AG-903-C11_NODE_4	72319	41	AG-903-C11_00529	8009	8404	396	+	1	1	1	0	1
AG-903-C11	query	AG-903-C11_NODE_4	72319	41	AG-903-C11_00530	8404	9363	960	+	1	1	1	0	1
AG-903-C11	query	AG-903-C11_NODE_4	72319	41	AG-903-C11_00531	9446	11545	2100	+	1	1	1	0	1
AG-903-C11	query	AG-903-C11_NODE_4	72319	41	AG-903-C11_00532	11548	12009	462	-	1	1	1	0	1
AG-903-C11	query	AG-903-C11_NODE_4	72319	41	AG-903-C11_00533	12098	12463	366	+	1	1	1	0	1
AG-903-C11	query	AG-903-C11_NODE_4	72319	41	AG-903-C11_00534	12473	12652	180	+	1	1	1	0	1
AG-903-C11	query	AG-903-C11_NODE_4	72319	41	AG-903-C11_00535	12663	13670	1008	+	1	1	1	0	1
AG-903-C11	query	AG-903-C11_NODE_4	72319	41	AG-903-C11_00536	13671	13964	294	+	1	1	1	0	1
AG-903-C11	query	AG-903-C11_NODE_4	72319	41	AG-903-C11_00537	13957	14322	366	+	1	1	1	0	1
AG-903-C11	query	AG-903-C11_NODE_4	72319	41	AG-903-C11_00538	14315	14506	192	+	1	1	1	0	1
AG-903-C11	query	AG-903-C11_NODE_4	72319	41	AG-903-C11_00539	14507	14797	291	-	1	1	1	0	1
AG-903-C11	query	AG-903-C11_NODE_4	72319	41	AG-903-C11_00540	14841	15857	1017	+	1	1	1	0	1
AG-903-C11	query	AG-903-C11_NODE_4	72319	41	AG-903-C11_00541	15858	16967	1110	-	1	1	1	0	1
AG-903-C11	query	AG-903-C11_NODE_4	72319	41	AG-903-C11_00542	16983	17798	816	-	1	1	1	0	1
AG-903-C11	query	AG-903-C11_NODE_4	72319	41	AG-903-C11_00543	17795	19123	1329	-	1	1	1	0	1
AG-903-C11	query	AG-903-C11_NODE_4	72319	41	AG-903-C11_00544	19280	19738	459	+	1	1	1	0	1
AG-903-C11	query	AG-903-C11_NODE_4	72319	41	AG-903-C11_00545	19740	20171	432	+	1	1	1	0	1
AG-903-C11	query	AG-903-C11_NODE_4	72319	41	AG-903-C11_00546	20205	21227	1023	+	1	1	1	0	1
AG-903-C11	query	AG-903-C11_NODE_4	72319	41	AG-903-C11_00547	21227	21430	204	+	1	1	1	0	1
AG-903-C11	query	AG-903-C11_NODE_4	72319	41	AG-903-C11_00548	21423	22721	1299	+	1	1	1	0	1
AG-903-C11	query	AG-903-C11_NODE_4	72319	41	AG-903-C11_00549	22721	23620	900	+	1	1	1	0	1
AG-903-C11	query	AG-903-C11_NODE_4	72319	41	AG-903-C11_00550	23621	24469	849	+	1	1	1	0	1
AG-903-C11	query	AG-903-C11_NODE_4	72319	41	AG-903-C11_00551	25000	25275	276	-	1	1	1	0	1
AG-903-C11	query	AG-903-C11_NODE_4	72319	41	AG-903-C11_00552	25561	25740	180	-	1	1	1	0	1
AG-903-C11	query	AG-903-C11_NODE_4	72319	41	AG-903-C11_00553	25821	26774	954	+	1	1	1	0	1
AG-903-C11	query	AG-903-C11_NODE_4	72319	41	AG-903-C11_00558	29122	30120	999	-	1	1	1	0	1
AG-903-C11	query	AG-903-C11_NODE_4	72319	41	AG-903-C11_00559	30120	30401	282	-	1	1	1	0	1
AG-903-C11	query	AG-903-C11_NODE_4	72319	41	AG-903-C11_00561	30578	31072	495	+	1	1	1	0	1
AG-903-C11	query	AG-903-C11_NODE_4	72319	41	AG-903-C11_00562	31075	32247	1173	+	1	1	1	0	1
AG-903-C11	query	AG-903-C11_NODE_4	72319	41	AG-903-C11_00564	32795	33571	777	-	1	1	1	0	1
AG-903-C11	query	AG-903-C11_NODE_4	72319	41	AG-903-C11_00565	33571	34332	762	-	1	1	1	0	1
AG-903-C11	query	AG-903-C11_NODE_4	72319	41	AG-903-C11_00566	34329	35855	1527	-	1	1	1	0	1
AG-903-C11	query	AG-903-C11_NODE_4	72319	41	AG-903-C11_00567	35848	36717	870	-	1	1	1	0	1
AG-903-C11	query	AG-903-C11_NODE_4	72319	41	AG-903-C11_00568	36718	37332	615	-	1	1	1	0	1
AG-903-C11	query	AG-903-C11_NODE_4	72319	41	AG-903-C11_00569	37325	38479	1155	-	1	1	1	0	1
AG-903-C11	query	AG-903-C11_NODE_4	72319	41	AG-903-C11_00570	38476	39228	753	-	1	1	1	0	1
AG-903-C11	query	AG-903-C11_NODE_4	72319	41	AG-903-C11_00571	39218	40213	996	-	1	1	1	0	1
AG-903-C11	query	AG-903-C11_NODE_4	72319	41	AG-903-C11_00572	40200	41084	885	-	1	1	1	0	1
AG-903-C11	query	AG-903-C11_NODE_4	72319	41	AG-903-C11_00574	41235	41495	261	-	1	1	1	0	1
AG-903-C11	query	AG-903-C11_NODE_4	72319	41	AG-903-C11_00575	41522	43561	2040	+	1	1	1	0	1
AG-903-C11	query	AG-903-C11_NODE_4	72319	41	AG-903-C11_00576	43558	44181	624	-	1	1	1	0	1
AG-903-C11	query	AG-903-C11_NODE_4	72319	41	AG-903-C11_00577	44305	45126	822	+	1	1	1	0	1
AG-903-C11	query	AG-903-C11_NODE_4	72319	41	AG-903-C11_00579	45254	46366	1113	-	1	1	1	0	1
AG-903-C11	query	AG-903-C11_NODE_4	72319	41	AG-903-C11_00580	46378	46935	558	-	1	1	1	0	1
AG-903-C11	query	AG-903-C11_NODE_4	72319	41	AG-903-C11_00581	46928	47422	495	-	1	1	1	0	1
AG-903-C11	query	AG-903-C11_NODE_4	72319	41	AG-903-C11_00582	47422	49995	2574	-	1	1	1	0	1
AG-903-C11	query	AG-903-C11_NODE_4	72319	41	AG-903-C11_00583	50000	50446	447	-	1	1	1	0	1
AG-903-C11	query	AG-903-C11_NODE_4	72319	41	AG-903-C11_00584	50527	53403	2877	+	1	1	1	0	1
AG-903-C11	query	AG-903-C11_NODE_4	72319	41	AG-903-C11_00585	53439	54041	603	+	1	1	1	0	1
AG-903-C11	query	AG-903-C11_NODE_4	72319	41	AG-903-C11_00586	54042	54935	894	-	1	1	1	0	1
AG-903-C11	query	AG-903-C11_NODE_4	72319	41	AG-903-C11_00587	54935	56488	1554	-	1	1	1	0	1
AG-903-C11	query	AG-903-C11_NODE_4	72319	41	AG-903-C11_00588	56501	56785	285	-	1	1	1	0	1
AG-903-C11	query	AG-903-C11_NODE_4	72319	41	AG-903-C11_00589	56843	58102	1260	-	1	1	1	0	1
AG-903-C11	query	AG-903-C11_NODE_4	72319	41	AG-903-C11_00590	58089	58862	774	-	1	1	1	0	1
AG-903-C11	query	AG-903-C11_NODE_4	72319	41	AG-903-C11_00591	58852	59088	237	-	1	1	1	0	1
AG-903-C11	query	AG-903-C11_NODE_4	72319	41	AG-903-C11_00592	59092	59289	198	-	1	1	1	0	1
AG-903-C11	query	AG-903-C11_NODE_4	72319	41	AG-903-C11_00593	59332	60024	693	-	1	1	1	0	1
AG-903-C11	query	AG-903-C11_NODE_4	72319	41	AG-903-C11_00594	60024	60755	732	-	1	1	1	0	1
AG-903-C11	query	AG-903-C11_NODE_4	72319	41	AG-903-C11_00595	60766	61716	951	-	1	1	1	0	1
AG-903-C11	query	AG-903-C11_NODE_4	72319	41	AG-903-C11_00596	61709	61966	258	-	1	1	1	0	1
AG-903-C11	query	AG-903-C11_NODE_4	72319	41	AG-903-C11_00597	61966	63696	1731	-	1	1	1	0	1
AG-903-C11	query	AG-903-C11_NODE_4	72319	41	AG-903-C11_00598	63693	64811	1119	-	1	1	1	0	1
AG-903-C11	query	AG-903-C11_NODE_4	72319	41	AG-903-C11_00599	64862	65179	318	+	1	1	1	0	1
AG-903-C11	query	AG-903-C11_NODE_40	2209	41	AG-903-C11_01276	457	828	372	-	1	1	1	0	1
AG-903-C11	query	AG-903-C11_NODE_40	2209	41	AG-903-C11_01277	1555	1770	216	-	1	1	1	0	1
AG-903-C11	query	AG-903-C11_NODE_41	2166	41	AG-903-C11_01278	1174	1959	786	+	1	1	1	0	1
AG-903-C11	query	AG-903-C11_NODE_5	64373	41	AG-903-C11_00610	709	918	210	+	1	1	1	0	1
AG-903-C11	query	AG-903-C11_NODE_5	64373	41	AG-903-C11_00611	986	1858	873	-	1	1	1	0	1
AG-903-C11	query	AG-903-C11_NODE_5	64373	41	AG-903-C11_00612	1887	2414	528	+	1	1	1	0	1
AG-903-C11	query	AG-903-C11_NODE_5	64373	41	AG-903-C11_00614	2543	2656	114	-	1	1	1	0	1
AG-903-C11	query	AG-903-C11_NODE_5	64373	41	AG-903-C11_00615	2661	3584	924	-	1	1	1	0	1
AG-903-C11	query	AG-903-C11_NODE_5	64373	41	AG-903-C11_00616	3584	4372	789	-	1	1	1	0	1
AG-903-C11	query	AG-903-C11_NODE_5	64373	41	AG-903-C11_00617	4365	5240	876	-	1	1	1	0	1
AG-903-C11	query	AG-903-C11_NODE_5	64373	41	AG-903-C11_00618	5345	6397	1053	+	1	1	1	0	1
AG-903-C11	query	AG-903-C11_NODE_5	64373	41	AG-903-C11_00619	6398	7471	1074	+	1	1	1	0	1
AG-903-C11	query	AG-903-C11_NODE_5	64373	41	AG-903-C11_00620	7487	8368	882	+	1	1	1	0	1
AG-903-C11	query	AG-903-C11_NODE_5	64373	41	AG-903-C11_00621	8358	10802	2445	-	1	1	1	0	1
AG-903-C11	query	AG-903-C11_NODE_5	64373	41	AG-903-C11_00622	10823	11878	1056	-	1	1	1	0	1
AG-903-C11	query	AG-903-C11_NODE_5	64373	41	AG-903-C11_00623	11878	13488	1611	-	1	1	1	0	1
AG-903-C11	query	AG-903-C11_NODE_5	64373	41	AG-903-C11_00624	13746	14768	1023	-	1	1	1	0	1
AG-903-C11	query	AG-903-C11_NODE_5	64373	41	AG-903-C11_00625	14914	15804	891	-	1	1	1	0	1
AG-903-C11	query	AG-903-C11_NODE_5	64373	41	AG-903-C11_00626	15804	16805	1002	-	1	1	1	0	1
AG-903-C11	query	AG-903-C11_NODE_5	64373	41	AG-903-C11_00627	16821	17423	603	-	1	1	1	0	1
AG-903-C11	query	AG-903-C11_NODE_5	64373	41	AG-903-C11_00628	17481	17969	489	+	1	1	1	0	1
AG-903-C11	query	AG-903-C11_NODE_5	64373	41	AG-903-C11_00629	17977	18585	609	+	1	1	1	0	1
AG-903-C11	query	AG-903-C11_NODE_5	64373	41	AG-903-C11_00630	18578	18952	375	+	1	1	1	0	1
AG-903-C11	query	AG-903-C11_NODE_5	64373	41	AG-903-C11_00631	18953	20572	1620	-	1	1	1	0	1
AG-903-C11	query	AG-903-C11_NODE_5	64373	41	AG-903-C11_00632	20597	21550	954	-	1	1	1	0	1
AG-903-C11	query	AG-903-C11_NODE_5	64373	41	AG-903-C11_00633	21551	22300	750	-	1	1	1	0	1
AG-903-C11	query	AG-903-C11_NODE_5	64373	41	AG-903-C11_00634	22300	24732	2433	-	1	1	1	0	1
AG-903-C11	query	AG-903-C11_NODE_5	64373	41	AG-903-C11_00635	24779	24967	189	-	1	1	1	0	1
AG-903-C11	query	AG-903-C11_NODE_5	64373	41	AG-903-C11_00636	24982	25443	462	-	1	1	1	0	1
AG-903-C11	query	AG-903-C11_NODE_5	64373	41	AG-903-C11_00637	25510	25935	426	-	1	1	1	0	1
AG-903-C11	query	AG-903-C11_NODE_5	64373	41	AG-903-C11_00638	25944	26393	450	-	1	1	1	0	1
AG-903-C11	query	AG-903-C11_NODE_5	64373	41	AG-903-C11_00639	26396	26761	366	-	1	1	1	0	1
AG-903-C11	query	AG-903-C11_NODE_5	64373	41	AG-903-C11_00640	26758	28110	1353	-	1	1	1	0	1
AG-903-C11	query	AG-903-C11_NODE_5	64373	41	AG-903-C11_00641	28171	28944	774	-	1	1	1	0	1
AG-903-C11	query	AG-903-C11_NODE_5	64373	41	AG-903-C11_00642	28945	29319	375	-	1	1	1	0	1
AG-903-C11	query	AG-903-C11_NODE_5	64373	41	AG-903-C11_00643	29316	29726	411	-	1	1	1	0	1
AG-903-C11	query	AG-903-C11_NODE_5	64373	41	AG-903-C11_00644	29742	30917	1176	-	1	1	1	0	1
AG-903-C11	query	AG-903-C11_NODE_5	64373	41	AG-903-C11_00645	30921	31550	630	-	1	1	1	0	1
AG-903-C11	query	AG-903-C11_NODE_5	64373	41	AG-903-C11_00646	31559	32521	963	-	1	1	1	0	1
AG-903-C11	query	AG-903-C11_NODE_5	64373	41	AG-903-C11_00647	32521	33738	1218	-	1	1	1	0	1
AG-903-C11	query	AG-903-C11_NODE_5	64373	41	AG-903-C11_00648	33843	34571	729	+	1	1	1	0	1
AG-903-C11	query	AG-903-C11_NODE_5	64373	41	AG-903-C11_00649	34564	35919	1356	+	1	1	1	0	1
AG-903-C11	query	AG-903-C11_NODE_5	64373	41	AG-903-C11_00650	36065	36610	546	+	1	1	1	0	1
AG-903-C11	query	AG-903-C11_NODE_5	64373	41	AG-903-C11_00651	36607	36774	168	-	1	1	1	0	1
AG-903-C11	query	AG-903-C11_NODE_5	64373	41	AG-903-C11_00652	36767	37375	609	-	1	1	1	0	1
AG-903-C11	query	AG-903-C11_NODE_5	64373	41	AG-903-C11_00653	37384	39036	1653	-	1	1	1	0	1
AG-903-C11	query	AG-903-C11_NODE_5	64373	41	AG-903-C11_00654	39036	40004	969	-	1	1	1	0	1
AG-903-C11	query	AG-903-C11_NODE_5	64373	41	AG-903-C11_00655	40109	40603	495	+	1	1	1	0	1
AG-903-C11	query	AG-903-C11_NODE_5	64373	41	AG-903-C11_00656	40607	41650	1044	+	1	1	1	0	1
AG-903-C11	query	AG-903-C11_NODE_5	64373	41	AG-903-C11_00657	41653	42276	624	-	1	1	1	0	1
AG-903-C11	query	AG-903-C11_NODE_5	64373	41	AG-903-C11_00658	42313	42783	471	+	1	1	1	0	1
AG-903-C11	query	AG-903-C11_NODE_5	64373	41	AG-903-C11_00659	42794	43234	441	+	1	1	1	0	1
AG-903-C11	query	AG-903-C11_NODE_5	64373	41	AG-903-C11_00660	43238	44854	1617	+	1	1	1	0	1
AG-903-C11	query	AG-903-C11_NODE_5	64373	41	AG-903-C11_00661	44858	45436	579	-	1	1	1	0	1
AG-903-C11	query	AG-903-C11_NODE_5	64373	41	AG-903-C11_00662	45433	48429	2997	-	1	1	1	0	1
AG-903-C11	query	AG-903-C11_NODE_5	64373	41	AG-903-C11_00663	48426	48695	270	-	1	1	1	0	1
AG-903-C11	query	AG-903-C11_NODE_5	64373	41	AG-903-C11_00664	48699	49955	1257	-	1	1	1	0	1
AG-903-C11	query	AG-903-C11_NODE_5	64373	41	AG-903-C11_00665	50077	51756	1680	+	1	1	1	0	1
AG-903-C11	query	AG-903-C11_NODE_5	64373	41	AG-903-C11_00666	51753	52535	783	-	1	1	1	0	1
AG-903-C11	query	AG-903-C11_NODE_5	64373	41	AG-903-C11_00667	52535	53692	1158	-	1	1	1	0	1
AG-903-C11	query	AG-903-C11_NODE_5	64373	41	AG-903-C11_00669	54950	56143	1194	-	1	1	1	0	1
AG-903-C11	query	AG-903-C11_NODE_5	64373	41	AG-903-C11_00670	56133	57392	1260	-	1	1	1	0	1
AG-903-C11	query	AG-903-C11_NODE_5	64373	41	AG-903-C11_00672	58886	59971	1086	-	1	1	1	0	1
AG-903-C11	query	AG-903-C11_NODE_5	64373	41	AG-903-C11_00673	59974	60933	960	-	1	1	1	0	1
AG-903-C11	query	AG-903-C11_NODE_5	64373	41	AG-903-C11_00674	60933	62945	2013	-	1	1	1	0	1
AG-903-C11	query	AG-903-C11_NODE_5	64373	41	AG-903-C11_00675	62938	63966	1029	-	1	1	1	0	1
AG-903-C11	query	AG-903-C11_NODE_5	64373	41	AG-903-C11_00676	64057	64185	129	-	1	1	1	0	1
AG-903-C11	query	AG-903-C11_NODE_6	60862	41	AG-903-C11_00677	3	1805	1803	+	1	1	1	0	1
AG-903-C11	query	AG-903-C11_NODE_6	60862	41	AG-903-C11_00680	2095	2463	369	+	1	1	1	0	1
AG-903-C11	query	AG-903-C11_NODE_6	60862	41	AG-903-C11_00681	2465	2986	522	+	1	1	1	0	1
AG-903-C11	query	AG-903-C11_NODE_6	60862	41	AG-903-C11_00682	2990	3580	591	+	1	1	1	0	1
AG-903-C11	query	AG-903-C11_NODE_6	60862	41	AG-903-C11_00683	3580	4755	1176	+	1	1	1	0	1
AG-903-C11	query	AG-903-C11_NODE_6	60862	41	AG-903-C11_00684	4755	5363	609	+	1	1	1	0	1
AG-903-C11	query	AG-903-C11_NODE_6	60862	41	AG-903-C11_00685	5356	6687	1332	+	1	1	1	0	1
AG-903-C11	query	AG-903-C11_NODE_6	60862	41	AG-903-C11_00686	6680	8710	2031	+	1	1	1	0	1
AG-903-C11	query	AG-903-C11_NODE_6	60862	41	AG-903-C11_00687	8710	9708	999	+	1	1	1	0	1
AG-903-C11	query	AG-903-C11_NODE_6	60862	41	AG-903-C11_00688	9710	10195	486	+	1	1	1	0	1
AG-903-C11	query	AG-903-C11_NODE_6	60862	41	AG-903-C11_00689	10199	10831	633	+	1	1	1	0	1
AG-903-C11	query	AG-903-C11_NODE_6	60862	41	AG-903-C11_00690	10824	11135	312	+	1	1	1	0	1
AG-903-C11	query	AG-903-C11_NODE_6	60862	41	AG-903-C11_00691	11136	13049	1914	+	1	1	1	0	1
AG-903-C11	query	AG-903-C11_NODE_6	60862	41	AG-903-C11_00692	13051	14547	1497	+	1	1	1	0	1
AG-903-C11	query	AG-903-C11_NODE_6	60862	41	AG-903-C11_00693	14547	15962	1416	+	1	1	1	0	1
AG-903-C11	query	AG-903-C11_NODE_6	60862	41	AG-903-C11_00695	16473	17228	756	+	1	1	1	0	1
AG-903-C11	query	AG-903-C11_NODE_6	60862	41	AG-903-C11_00696	17225	18883	1659	+	1	1	1	0	1
AG-903-C11	query	AG-903-C11_NODE_6	60862	41	AG-903-C11_00697	18884	19129	246	+	1	1	1	0	1
AG-903-C11	query	AG-903-C11_NODE_6	60862	41	AG-903-C11_00698	19129	20457	1329	+	1	1	1	0	1
AG-903-C11	query	AG-903-C11_NODE_6	60862	41	AG-903-C11_00699	20454	21665	1212	+	1	1	1	0	1
AG-903-C11	query	AG-903-C11_NODE_6	60862	41	AG-903-C11_00700	21658	22344	687	+	1	1	1	0	1
AG-903-C11	query	AG-903-C11_NODE_6	60862	41	AG-903-C11_00701	22328	25738	3411	+	1	1	1	0	1
AG-903-C11	query	AG-903-C11_NODE_6	60862	41	AG-903-C11_00710	33280	34257	978	+	1	1	1	0	1
AG-903-C11	query	AG-903-C11_NODE_6	60862	41	AG-903-C11_00711	34254	34706	453	+	1	1	1	0	1
AG-903-C11	query	AG-903-C11_NODE_6	60862	41	AG-903-C11_00712	34759	35544	786	+	1	1	1	0	1
AG-903-C11	query	AG-903-C11_NODE_6	60862	41	AG-903-C11_00713	35541	36332	792	+	1	1	1	0	1
AG-903-C11	query	AG-903-C11_NODE_6	60862	41	AG-903-C11_00714	36329	37456	1128	+	1	1	1	0	1
AG-903-C11	query	AG-903-C11_NODE_6	60862	41	AG-903-C11_00715	37439	38833	1395	-	1	1	1	0	1
AG-903-C11	query	AG-903-C11_NODE_6	60862	41	AG-903-C11_00716	38853	39557	705	-	1	1	1	0	1
AG-903-C11	query	AG-903-C11_NODE_6	60862	41	AG-903-C11_00717	39623	40414	792	-	1	1	1	0	1
AG-903-C11	query	AG-903-C11_NODE_6	60862	41	AG-903-C11_00718	40407	41399	993	-	1	1	1	0	1
AG-903-C11	query	AG-903-C11_NODE_6	60862	41	AG-903-C11_00719	41400	41963	564	-	1	1	1	0	1
AG-903-C11	query	AG-903-C11_NODE_6	60862	41	AG-903-C11_00720	41966	43423	1458	-	1	1	1	0	1
AG-903-C11	query	AG-903-C11_NODE_6	60862	41	AG-903-C11_00721	43423	44841	1419	-	1	1	1	0	1
AG-903-C11	query	AG-903-C11_NODE_6	60862	41	AG-903-C11_00722	44899	45648	750	+	1	1	1	0	1
AG-903-C11	query	AG-903-C11_NODE_6	60862	41	AG-903-C11_00723	45654	45953	300	+	1	1	1	0	1
AG-903-C11	query	AG-903-C11_NODE_6	60862	41	AG-903-C11_00724	45994	47616	1623	+	1	1	1	0	1
AG-903-C11	query	AG-903-C11_NODE_6	60862	41	AG-903-C11_00725	47606	48439	834	+	1	1	1	0	1
AG-903-C11	query	AG-903-C11_NODE_6	60862	41	AG-903-C11_00726	48432	49691	1260	+	1	1	1	0	1
AG-903-C11	query	AG-903-C11_NODE_6	60862	41	AG-903-C11_00727	49691	49996	306	+	1	1	1	0	1
AG-903-C11	query	AG-903-C11_NODE_6	60862	41	AG-903-C11_00728	49983	50906	924	+	1	1	1	0	1
AG-903-C11	query	AG-903-C11_NODE_6	60862	41	AG-903-C11_00729	50911	51348	438	+	1	1	1	0	1
AG-903-C11	query	AG-903-C11_NODE_6	60862	41	AG-903-C11_00730	51361	51825	465	-	1	1	1	0	1
AG-903-C11	query	AG-903-C11_NODE_6	60862	41	AG-903-C11_00731	51825	52316	492	-	1	1	1	0	1
AG-903-C11	query	AG-903-C11_NODE_6	60862	41	AG-903-C11_00732	52313	53413	1101	-	1	1	1	0	1
AG-903-C11	query	AG-903-C11_NODE_7	56225	41	AG-903-C11_00739	180	695	516	+	1	1	1	0	1
AG-903-C11	query	AG-903-C11_NODE_7	56225	41	AG-903-C11_00740	687	1946	1260	-	1	1	1	0	1
AG-903-C11	query	AG-903-C11_NODE_7	56225	41	AG-903-C11_00741	1976	2623	648	+	1	1	1	0	1
AG-903-C11	query	AG-903-C11_NODE_7	56225	41	AG-903-C11_00742	2624	3421	798	+	1	1	1	0	1
AG-903-C11	query	AG-903-C11_NODE_7	56225	41	AG-903-C11_00743	3421	4335	915	+	1	1	1	0	1
AG-903-C11	query	AG-903-C11_NODE_7	56225	41	AG-903-C11_00744	4332	4943	612	+	1	1	1	0	1
AG-903-C11	query	AG-903-C11_NODE_7	56225	41	AG-903-C11_00745	4981	6045	1065	+	1	1	1	0	1
AG-903-C11	query	AG-903-C11_NODE_7	56225	41	AG-903-C11_00746	6042	6476	435	+	1	1	1	0	1
AG-903-C11	query	AG-903-C11_NODE_7	56225	41	AG-903-C11_00747	6466	8025	1560	+	1	1	1	0	1
AG-903-C11	query	AG-903-C11_NODE_7	56225	41	AG-903-C11_00748	8046	8465	420	+	1	1	1	0	1
AG-903-C11	query	AG-903-C11_NODE_7	56225	41	AG-903-C11_00749	8468	9079	612	-	1	1	1	0	1
AG-903-C11	query	AG-903-C11_NODE_7	56225	41	AG-903-C11_00750	9192	10163	972	+	1	1	1	0	1
AG-903-C11	query	AG-903-C11_NODE_7	56225	41	AG-903-C11_00751	10205	10696	492	+	1	1	1	0	1
AG-903-C11	query	AG-903-C11_NODE_7	56225	41	AG-903-C11_00752	10689	11999	1311	+	1	1	1	0	1
AG-903-C11	query	AG-903-C11_NODE_7	56225	41	AG-903-C11_00753	11996	12481	486	-	1	1	1	0	1
AG-903-C11	query	AG-903-C11_NODE_7	56225	41	AG-903-C11_00754	12481	13254	774	-	1	1	1	0	1
AG-903-C11	query	AG-903-C11_NODE_7	56225	41	AG-903-C11_00755	13282	13956	675	+	1	1	1	0	1
AG-903-C11	query	AG-903-C11_NODE_7	56225	41	AG-903-C11_00756	13940	14896	957	+	1	1	1	0	1
AG-903-C11	query	AG-903-C11_NODE_7	56225	41	AG-903-C11_00757	14893	15762	870	+	1	1	1	0	1
AG-903-C11	query	AG-903-C11_NODE_7	56225	41	AG-903-C11_00758	15773	16711	939	+	1	1	1	0	1
AG-903-C11	query	AG-903-C11_NODE_7	56225	41	AG-903-C11_00759	16915	18021	1107	+	1	1	1	0	1
AG-903-C11	query	AG-903-C11_NODE_7	56225	41	AG-903-C11_00760	18014	18394	381	+	1	1	1	0	1
AG-903-C11	query	AG-903-C11_NODE_7	56225	41	AG-903-C11_00761	18394	21264	2871	+	1	1	1	0	1
AG-903-C11	query	AG-903-C11_NODE_7	56225	41	AG-903-C11_00762	21270	22508	1239	+	1	1	1	0	1
AG-903-C11	query	AG-903-C11_NODE_7	56225	41	AG-903-C11_00763	22501	23268	768	+	1	1	1	0	1
AG-903-C11	query	AG-903-C11_NODE_7	56225	41	AG-903-C11_00764	23265	24446	1182	+	1	1	1	0	1
AG-903-C11	query	AG-903-C11_NODE_7	56225	41	AG-903-C11_00765	24448	24996	549	+	1	1	1	0	1
AG-903-C11	query	AG-903-C11_NODE_7	56225	41	AG-903-C11_00766	24999	25757	759	-	1	1	1	0	1
AG-903-C11	query	AG-903-C11_NODE_7	56225	41	AG-903-C11_00767	25782	26249	468	+	1	1	1	0	1
AG-903-C11	query	AG-903-C11_NODE_7	56225	41	AG-903-C11_00768	26251	27354	1104	+	1	1	1	0	1
AG-903-C11	query	AG-903-C11_NODE_7	56225	41	AG-903-C11_00769	27349	27519	171	-	1	1	1	0	1
AG-903-C11	query	AG-903-C11_NODE_7	56225	41	AG-903-C11_00770	27531	28538	1008	-	1	1	1	0	1
AG-903-C11	query	AG-903-C11_NODE_7	56225	41	AG-903-C11_00771	28542	29114	573	-	1	1	1	0	1
AG-903-C11	query	AG-903-C11_NODE_7	56225	41	AG-903-C11_00772	29201	30400	1200	-	1	1	1	0	1
AG-903-C11	query	AG-903-C11_NODE_7	56225	41	AG-903-C11_00773	30495	30959	465	-	1	1	1	0	1
AG-903-C11	query	AG-903-C11_NODE_7	56225	41	AG-903-C11_00774	30952	31353	402	-	1	1	1	0	1
AG-903-C11	query	AG-903-C11_NODE_7	56225	41	AG-903-C11_00775	31401	32306	906	+	1	1	1	0	1
AG-903-C11	query	AG-903-C11_NODE_7	56225	41	AG-903-C11_00776	32313	33428	1116	+	1	1	1	0	1
AG-903-C11	query	AG-903-C11_NODE_7	56225	41	AG-903-C11_00777	33430	34479	1050	+	1	1	1	0	1
AG-903-C11	query	AG-903-C11_NODE_7	56225	41	AG-903-C11_00778	34660	34887	228	-	1	1	1	0	1
AG-903-C11	query	AG-903-C11_NODE_7	56225	41	AG-903-C11_00779	34904	35497	594	-	1	1	1	0	1
AG-903-C11	query	AG-903-C11_NODE_7	56225	41	AG-903-C11_00780	35561	35746	186	-	1	1	1	0	1
AG-903-C11	query	AG-903-C11_NODE_7	56225	41	AG-903-C11_00781	35759	36217	459	-	1	1	1	0	1
AG-903-C11	query	AG-903-C11_NODE_7	56225	41	AG-903-C11_00782	36318	36641	324	-	1	1	1	0	1
AG-903-C11	query	AG-903-C11_NODE_7	56225	41	AG-903-C11_00783	36712	37368	657	-	1	1	1	0	1
AG-903-C11	query	AG-903-C11_NODE_7	56225	41	AG-903-C11_00784	37384	38676	1293	-	1	1	1	0	1
AG-903-C11	query	AG-903-C11_NODE_7	56225	41	AG-903-C11_00785	38746	39558	813	-	1	1	1	0	1
AG-903-C11	query	AG-903-C11_NODE_7	56225	41	AG-903-C11_00786	39613	40545	933	-	1	1	1	0	1
AG-903-C11	query	AG-903-C11_NODE_7	56225	41	AG-903-C11_00787	40526	41821	1296	-	1	1	1	0	1
AG-903-C11	query	AG-903-C11_NODE_7	56225	41	AG-903-C11_00788	41821	43770	1950	-	1	1	1	0	1
AG-903-C11	query	AG-903-C11_NODE_7	56225	41	AG-903-C11_00789	43785	44342	558	-	1	1	1	0	1
AG-903-C11	query	AG-903-C11_NODE_7	56225	41	AG-903-C11_00790	44342	45811	1470	-	1	1	1	0	1
AG-903-C11	query	AG-903-C11_NODE_7	56225	41	AG-903-C11_00791	45777	46322	546	-	1	1	1	0	1
AG-903-C11	query	AG-903-C11_NODE_7	56225	41	AG-903-C11_00792	46322	48697	2376	-	1	1	1	0	1
AG-903-C11	query	AG-903-C11_NODE_7	56225	41	AG-903-C11_00793	48723	50138	1416	-	1	1	1	0	1
AG-903-C11	query	AG-903-C11_NODE_7	56225	41	AG-903-C11_00794	50206	50664	459	-	1	1	1	0	1
AG-903-C11	query	AG-903-C11_NODE_7	56225	41	AG-903-C11_00795	50664	50933	270	-	1	1	1	0	1
AG-903-C11	query	AG-903-C11_NODE_7	56225	41	AG-903-C11_00796	50943	51281	339	-	1	1	1	0	1
AG-903-C11	query	AG-903-C11_NODE_7	56225	41	AG-903-C11_00797	51365	52294	930	+	1	1	1	0	1
AG-903-C11	query	AG-903-C11_NODE_7	56225	41	AG-903-C11_00798	52287	53024	738	+	1	1	1	0	1
AG-903-C11	query	AG-903-C11_NODE_7	56225	41	AG-903-C11_00799	53073	53312	240	+	1	1	1	0	1
AG-903-C11	query	AG-903-C11_NODE_7	56225	41	AG-903-C11_00800	53324	53947	624	+	1	1	1	0	1
AG-903-C11	query	AG-903-C11_NODE_7	56225	41	AG-903-C11_00801	53944	54720	777	-	1	1	1	0	1
AG-903-C11	query	AG-903-C11_NODE_7	56225	41	AG-903-C11_00802	54720	55682	963	-	1	1	1	0	1
AG-903-C11	query	AG-903-C11_NODE_7	56225	41	AG-903-C11_00803	55672	56211	540	-	1	1	1	0	1
AG-903-C11	query	AG-903-C11_NODE_8	52103	41	AG-903-C11_00804	470	751	282	+	1	1	1	0	1
AG-903-C11	query	AG-903-C11_NODE_8	52103	41	AG-903-C11_00805	1038	2606	1569	+	1	1	1	0	1
AG-903-C11	query	AG-903-C11_NODE_8	52103	41	AG-903-C11_00806	2599	3639	1041	+	1	1	1	0	1
AG-903-C11	query	AG-903-C11_NODE_8	52103	41	AG-903-C11_00807	3683	3964	282	+	1	1	1	0	1
AG-903-C11	query	AG-903-C11_NODE_8	52103	41	AG-903-C11_00808	3964	4512	549	+	1	1	1	0	1
AG-903-C11	query	AG-903-C11_NODE_8	52103	41	AG-903-C11_00809	4513	5565	1053	-	1	1	1	0	1
AG-903-C11	query	AG-903-C11_NODE_8	52103	41	AG-903-C11_00810	5558	6439	882	-	1	1	1	0	1
AG-903-C11	query	AG-903-C11_NODE_8	52103	41	AG-903-C11_00811	6443	7483	1041	-	1	1	1	0	1
AG-903-C11	query	AG-903-C11_NODE_8	52103	41	AG-903-C11_00812	7483	8661	1179	-	1	1	1	0	1
AG-903-C11	query	AG-903-C11_NODE_8	52103	41	AG-903-C11_00813	8807	9370	564	+	1	1	1	0	1
AG-903-C11	query	AG-903-C11_NODE_8	52103	41	AG-903-C11_00814	9373	9924	552	-	1	1	1	0	1
AG-903-C11	query	AG-903-C11_NODE_8	52103	41	AG-903-C11_00815	10025	12790	2766	+	1	1	1	0	1
AG-903-C11	query	AG-903-C11_NODE_8	52103	41	AG-903-C11_00816	12842	13540	699	+	1	1	1	0	1
AG-903-C11	query	AG-903-C11_NODE_8	52103	41	AG-903-C11_00817	13540	15072	1533	+	1	1	1	0	1
AG-903-C11	query	AG-903-C11_NODE_8	52103	41	AG-903-C11_00818	15117	16403	1287	+	1	1	1	0	1
AG-903-C11	query	AG-903-C11_NODE_8	52103	41	AG-903-C11_00819	16387	16869	483	+	1	1	1	0	1
AG-903-C11	query	AG-903-C11_NODE_8	52103	41	AG-903-C11_00820	16850	17782	933	+	1	1	1	0	1
AG-903-C11	query	AG-903-C11_NODE_8	52103	41	AG-903-C11_00821	17779	18471	693	+	1	1	1	0	1
AG-903-C11	query	AG-903-C11_NODE_8	52103	41	AG-903-C11_00822	18468	19178	711	-	1	1	1	0	1
AG-903-C11	query	AG-903-C11_NODE_8	52103	41	AG-903-C11_00823	19205	19576	372	+	1	1	1	0	1
AG-903-C11	query	AG-903-C11_NODE_8	52103	41	AG-903-C11_00824	19573	19881	309	+	1	1	1	0	1
AG-903-C11	query	AG-903-C11_NODE_8	52103	41	AG-903-C11_00825	19853	20365	513	+	1	1	1	0	1
AG-903-C11	query	AG-903-C11_NODE_8	52103	41	AG-903-C11_00826	20379	20978	600	+	1	1	1	0	1
AG-903-C11	query	AG-903-C11_NODE_8	52103	41	AG-903-C11_00827	20968	24096	3129	-	1	1	1	0	1
AG-903-C11	query	AG-903-C11_NODE_8	52103	41	AG-903-C11_00828	24104	25120	1017	-	1	1	1	0	1
AG-903-C11	query	AG-903-C11_NODE_8	52103	41	AG-903-C11_00829	25124	25936	813	-	1	1	1	0	1
AG-903-C11	query	AG-903-C11_NODE_8	52103	41	AG-903-C11_00830	25936	26382	447	-	1	1	1	0	1
AG-903-C11	query	AG-903-C11_NODE_8	52103	41	AG-903-C11_00831	26417	27298	882	+	1	1	1	0	1
AG-903-C11	query	AG-903-C11_NODE_8	52103	41	AG-903-C11_00832	27291	27917	627	+	1	1	1	0	1
AG-903-C11	query	AG-903-C11_NODE_8	52103	41	AG-903-C11_00833	27904	28200	297	-	1	1	1	0	1
AG-903-C11	query	AG-903-C11_NODE_8	52103	41	AG-903-C11_00834	28219	28509	291	-	1	1	1	0	1
AG-903-C11	query	AG-903-C11_NODE_8	52103	41	AG-903-C11_00835	28537	29073	537	+	1	1	1	0	1
AG-903-C11	query	AG-903-C11_NODE_8	52103	41	AG-903-C11_00836	29124	30188	1065	-	1	1	1	0	1
AG-903-C11	query	AG-903-C11_NODE_8	52103	41	AG-903-C11_00837	30277	31209	933	-	1	1	1	0	1
AG-903-C11	query	AG-903-C11_NODE_8	52103	41	AG-903-C11_00838	31193	32284	1092	-	1	1	1	0	1
AG-903-C11	query	AG-903-C11_NODE_8	52103	41	AG-903-C11_00839	32265	33764	1500	-	1	1	1	0	1
AG-903-C11	query	AG-903-C11_NODE_8	52103	41	AG-903-C11_00840	33903	34235	333	+	1	1	1	0	1
AG-903-C11	query	AG-903-C11_NODE_8	52103	41	AG-903-C11_00841	34268	34714	447	-	1	1	1	0	1
AG-903-C11	query	AG-903-C11_NODE_8	52103	41	AG-903-C11_00842	34808	36889	2082	-	1	1	1	0	1
AG-903-C11	query	AG-903-C11_NODE_8	52103	41	AG-903-C11_00843	36907	37416	510	+	1	1	1	0	1
AG-903-C11	query	AG-903-C11_NODE_8	52103	41	AG-903-C11_00844	37413	38348	936	-	1	1	1	0	1
AG-903-C11	query	AG-903-C11_NODE_8	52103	41	AG-903-C11_00845	38422	39300	879	+	1	1	1	0	1
AG-903-C11	query	AG-903-C11_NODE_8	52103	41	AG-903-C11_00846	39300	40487	1188	+	1	1	1	0	1
AG-903-C11	query	AG-903-C11_NODE_8	52103	41	AG-903-C11_00847	40517	41716	1200	+	1	1	1	0	1
AG-903-C11	query	AG-903-C11_NODE_8	52103	41	AG-903-C11_00848	41713	42261	549	-	1	1	1	0	1
AG-903-C11	query	AG-903-C11_NODE_8	52103	41	AG-903-C11_00849	42248	43672	1425	-	1	1	1	0	1
AG-903-C11	query	AG-903-C11_NODE_8	52103	41	AG-903-C11_00850	43782	43943	162	+	1	1	1	0	1
AG-903-C11	query	AG-903-C11_NODE_8	52103	41	AG-903-C11_00851	43973	45247	1275	+	1	1	1	0	1
AG-903-C11	query	AG-903-C11_NODE_8	52103	41	AG-903-C11_00852	45244	45963	720	-	1	1	1	0	1
AG-903-C11	query	AG-903-C11_NODE_8	52103	41	AG-903-C11_00853	45996	46289	294	+	1	1	1	0	1
AG-903-C11	query	AG-903-C11_NODE_8	52103	41	AG-903-C11_00854	46286	46630	345	-	1	1	1	0	1
AG-903-C11	query	AG-903-C11_NODE_8	52103	41	AG-903-C11_00855	46716	48128	1413	+	1	1	1	0	1
AG-903-C11	query	AG-903-C11_NODE_8	52103	41	AG-903-C11_00856	48134	49450	1317	+	1	1	1	0	1
AG-903-C11	query	AG-903-C11_NODE_8	52103	41	AG-903-C11_00857	49451	50128	678	-	1	1	1	0	1
AG-903-C11	query	AG-903-C11_NODE_8	52103	41	AG-903-C11_00858	50208	50855	648	+	1	1	1	0	1
AG-903-C11	query	AG-903-C11_NODE_8	52103	41	AG-903-C11_00859	50917	51369	453	+	1	1	1	0	1
AG-903-C11	query	AG-903-C11_NODE_9	42000	41	AG-903-C11_00860	232	816	585	-	1	1	1	0	1
AG-903-C11	query	AG-903-C11_NODE_9	42000	41	AG-903-C11_00880	21252	22421	1170	-	1	1	1	0	1
AG-903-C11	query	AG-903-C11_NODE_9	42000	41	AG-903-C11_00881	22403	23419	1017	-	1	1	1	0	1
AG-903-C11	query	AG-903-C11_NODE_9	42000	41	AG-903-C11_00882	23423	24706	1284	-	1	1	1	0	1
AG-903-C11	query	AG-903-C11_NODE_9	42000	41	AG-903-C11_00883	24696	26414	1719	-	1	1	1	0	1
AG-903-C11	query	AG-903-C11_NODE_9	42000	41	AG-903-C11_00884	26517	27866	1350	+	1	1	1	0	1
AG-903-C11	query	AG-903-C11_NODE_9	42000	41	AG-903-C11_00885	27868	28815	948	+	1	1	1	0	1
AG-903-C11	query	AG-903-C11_NODE_9	42000	41	AG-903-C11_00886	28812	29960	1149	+	1	1	1	0	1
AG-903-C11	query	AG-903-C11_NODE_9	42000	41	AG-903-C11_00887	29968	30702	735	-	1	1	1	0	1
AG-903-C11	query	AG-903-C11_NODE_9	42000	41	AG-903-C11_00889	31622	32197	576	-	1	1	1	0	1
AG-903-C11	query	AG-903-C11_NODE_9	42000	41	AG-903-C11_00890	32237	33745	1509	+	1	1	1	0	1
AG-903-C11	query	AG-903-C11_NODE_9	42000	41	AG-903-C11_00891	33745	34836	1092	+	1	1	1	0	1
AG-903-C11	query	AG-903-C11_NODE_9	42000	41	AG-903-C11_00892	34829	35950	1122	-	1	1	1	0	1
AG-903-C11	query	AG-903-C11_NODE_9	42000	41	AG-903-C11_00893	35934	36914	981	-	1	1	1	0	1
AG-903-C11	query	AG-903-C11_NODE_9	42000	41	AG-903-C11_00894	36911	37786	876	-	1	1	1	0	1
AG-903-C11	query	AG-903-C11_NODE_9	42000	41	AG-903-C11_00895	37788	38939	1152	+	1	1	1	0	1
AG-903-C11	query	AG-903-C11_NODE_9	42000	41	AG-903-C11_00896	38942	39652	711	-	1	1	1	0	1
AG-903-C11	query	AG-903-C11_NODE_9	42000	41	AG-903-C11_00897	39649	40383	735	-	1	1	1	0	1
AG-903-C11	query	AG-903-C11_NODE_9	42000	41	AG-903-C11_00898	40380	40988	609	-	1	1	1	0	1
AG-903-C11	query	AG-903-C11_NODE_9	42000	41	AG-903-C11_00899	40990	41943	954	-	1	1	1	0	1
